Alpha, X_Acc, Y_Acc, Z_Acc, X_Gyro, Y_Gyro, Z_Gyro
J,-0.19,-0.05,0.99,-0.06,-1.59,-2.56
J,-0.19,-0.07,0.98,0.61,0.85,-2.75
J,-0.21,-0.05,1.01,-0.85,6.59,3.42
J,-0.19,-0.03,0.93,-6.59,10.44,0.61
J,-0.23,-0.08,1.01,-11.05,3.05,1.46
J,-0.17,-0.09,0.92,-21.12,15.99,7.14
J,-0.20,-0.11,1.00,-1.83,3.05,12.21
J,-0.20,-0.05,0.93,11.60,2.44,7.93
J,-0.25,0.19,0.91,38.21,-7.63,7.45
J,-0.16,-0.31,0.83,48.34,-14.53,-12.82
J,-0.12,0.25,1.07,72.45,-4.46,19.47
J,-0.12,-0.13,0.71,5.74,10.50,-2.50
J,-0.15,0.05,0.84,-4.76,5.80,9.70
J,-0.23,-0.17,0.95,-15.44,-8.42,2.20
J,-0.24,0.03,1.09,-22.77,-15.38,29.97
J,-0.19,-0.28,0.67,23.99,28.26,-25.94
J,-0.32,-0.32,1.32,31.80,-2.26,35.46
J,-0.37,-0.24,1.25,21.91,23.44,69.03
J,-0.39,0.12,1.36,20.94,32.29,80.20
J,-0.52,0.22,1.20,14.53,31.25,51.09
J,-0.44,0.08,1.15,-10.86,18.13,42.54
J,-0.56,-0.07,1.32,-6.59,14.89,2.62
J,-0.54,-0.17,0.95,4.70,55.91,25.88
J,-0.39,0.33,0.95,-23.44,46.08,23.38
J,-0.50,-0.16,0.99,50.54,39.25,-15.26
J,-0.42,0.03,0.88,57.01,50.48,11.35
J,-0.28,0.32,0.84,59.45,25.82,-4.33
J,-0.27,0.20,0.60,57.31,3.66,-41.38
J,-0.35,-0.03,0.61,13.79,-15.44,-52.55
J,-0.32,-0.07,0.94,-16.78,2.14,-47.36
J,-0.21,-0.16,0.58,-83.62,7.69,-33.08
J,-0.17,-0.47,0.62,-135.31,-39.79,-6.96
J,-0.10,-0.15,0.85,-76.84,-52.00,42.60
J,-0.11,-0.07,0.86,-53.10,-50.72,20.20
J,-0.19,-0.22,0.83,-19.17,-40.59,22.46
J,-0.12,-0.24,0.73,0.49,-26.00,36.74
J,-0.14,0.10,0.88,0.43,-35.46,61.28
J,-0.21,0.42,0.97,0.43,-28.38,49.74
J,-0.23,0.54,1.03,2.75,-27.65,32.04
J,-0.26,0.51,0.98,9.64,-17.09,5.49
J,-0.26,0.66,0.91,2.26,-21.48,-9.34
J,-0.26,0.64,0.90,-10.31,-28.32,-37.41
J,-0.27,0.28,0.93,-12.15,-26.25,-79.65
J,-0.24,0.24,0.93,-19.10,-22.03,-83.74
J,-0.19,-0.21,0.98,-35.52,-24.35,-94.91
J,-0.12,-0.67,0.93,-13.00,-3.05,-80.75
J,-0.12,-0.95,0.99,-10.56,-1.53,-60.06
J,-0.12,-0.71,1.06,3.78,5.98,-10.68
J,-0.17,-0.46,1.03,7.69,30.33,-5.43
J,-0.18,-0.34,0.85,20.32,30.33,-3.11
J,-0.20,-0.36,0.91,12.08,20.81,0.92
J,-0.18,-0.31,0.85,13.37,18.43,12.45
J,-0.15,-0.02,0.74,19.90,12.88,20.02
J,-0.16,-0.05,0.54,26.37,-2.08,-1.04
J,-0.14,-0.01,0.48,37.29,-15.38,-0.67
J,-0.11,0.14,0.53,38.51,-35.71,-2.50
J,-0.10,0.10,0.59,28.44,-53.16,-17.21
J,-0.06,0.06,0.57,26.79,-55.48,-20.94
J,-0.03,0.18,0.71,35.22,-72.88,-20.39
J,-0.02,0.09,0.81,19.78,-90.52,-26.61
J,-0.02,-0.08,0.87,-6.29,-108.09,-29.54
J,0.08,-0.38,0.97,-3.60,-107.18,-33.45
J,0.09,-0.48,1.12,-2.99,-109.56,-20.69
J,0.07,-0.54,1.13,-14.59,-104.37,-1.16
J,-0.08,-0.58,1.21,-23.68,-96.19,23.01
J,-0.01,-0.83,1.34,0.12,-101.26,23.50
J,0.13,-0.60,1.70,-5.25,-77.76,70.37
J,0.16,-0.50,1.85,-4.58,-47.06,83.98
J,0.27,-0.11,1.68,-19.65,10.74,117.07
J,0.30,0.59,1.39,-21.12,-9.95,105.59
J,0.30,0.34,1.37,6.96,15.32,51.51
J,0.33,0.22,0.98,29.05,22.77,35.77
J,0.31,0.20,0.72,-19.23,24.84,25.76
J,0.32,0.31,0.54,-17.09,11.90,21.67
J,0.22,0.12,0.57,4.09,2.62,-11.23
J,0.17,-0.12,0.66,0.00,-4.88,-19.29
J,0.19,-0.11,0.66,-12.82,-6.53,-6.65
J,0.18,-0.09,0.89,6.16,-22.64,-16.11
J,0.18,-0.11,1.01,3.42,-19.29,-20.20
J,0.19,-0.18,1.00,-3.60,-9.16,-18.43
J,0.27,-0.28,1.03,-10.07,-9.09,-18.80
J,0.31,-0.27,1.14,-0.79,-3.91,-13.12
J,0.37,-0.16,1.38,17.58,17.82,-8.48
J,0.36,-0.27,1.51,35.77,41.87,-10.93
J,0.23,-0.38,1.53,34.24,71.23,21.73
J,0.01,-0.18,1.36,40.53,104.49,39.61
J,-0.02,-0.07,1.31,47.61,113.04,44.49
J,-0.17,0.02,1.03,36.62,133.42,35.10
J,-0.31,-0.18,0.88,41.38,79.83,-12.76
J,-0.24,0.09,1.08,21.06,73.06,0.24
J,-0.27,0.06,0.82,25.45,87.28,-27.95
J,-0.31,-0.06,0.78,16.72,80.75,-35.83
J,-0.34,-0.32,0.38,9.16,46.33,-45.04
J,-0.23,-0.24,0.61,13.92,-2.81,-17.52
J,-0.14,0.11,0.61,9.52,-11.29,-2.56
J,-0.17,-0.05,0.73,1.59,-13.98,-33.02
J,-0.16,-0.24,0.83,10.99,-13.55,-24.84
J,-0.14,-0.06,0.79,12.45,-9.40,-2.44
J,-0.17,-0.06,0.79,19.23,-15.69,0.61
J,-0.16,0.05,0.89,16.11,-19.71,-0.61
J,-0.14,-0.04,0.81,10.31,-12.21,-5.07
J,-0.18,-0.05,0.82,15.99,-21.85,10.19
J,-0.20,0.11,0.89,8.73,-27.77,18.98
J,-0.19,0.38,0.97,19.04,-29.17,10.31
J,-0.18,0.55,0.91,9.46,-27.40,-13.37
J,-0.26,0.48,0.84,9.58,-29.42,-31.07
J,-0.25,0.49,0.88,-0.61,-32.96,-52.37
J,-0.21,0.22,1.00,-14.22,-32.47,-71.11
J,-0.12,-0.17,1.06,-1.34,-26.79,-70.86
J,-0.09,-0.45,1.00,-4.33,-21.67,-54.93
J,-0.07,-0.51,1.04,-9.83,-18.68,-34.24
J,-0.07,-0.42,1.01,-5.31,-7.69,-10.80
J,-0.08,-0.25,1.02,5.68,-5.68,4.21
J,-0.09,-0.20,0.99,3.30,-3.91,3.78
J,-0.13,-0.13,0.99,5.55,-0.85,9.64
J,-0.16,-0.04,1.01,4.64,-1.34,12.02
J,-0.15,0.01,0.92,5.37,-0.49,9.89
J,-0.14,0.03,0.94,13.67,0.49,6.23
J,-0.13,0.04,0.96,9.34,-3.42,5.31
J,-0.12,0.00,0.86,1.34,0.85,4.70
J,-0.10,0.06,0.89,8.12,-4.46,5.19
J,-0.06,0.07,0.84,15.50,-6.29,-1.10
J,-0.07,0.01,0.74,13.43,-13.55,-2.75
J,-0.05,0.03,0.70,12.57,-19.53,-0.37
J,-0.04,0.11,0.75,16.36,-31.92,0.06
J,-0.01,0.09,0.76,10.56,-40.83,-5.62
J,-0.00,0.08,0.72,5.31,-43.64,-8.42
J,-0.00,0.04,0.76,13.79,-51.94,-12.51
J,-0.01,-0.01,0.80,9.46,-61.52,-14.28
J,0.04,-0.11,0.90,1.77,-62.81,-13.61
J,0.03,-0.04,1.00,5.86,-65.19,-9.52
J,0.04,-0.12,0.96,-1.83,-65.55,-11.72
J,0.10,-0.24,0.98,-6.71,-66.16,-10.19
J,0.06,-0.31,1.08,14.28,-65.49,4.46
J,0.12,-0.21,1.16,9.89,-68.48,21.79
J,0.23,-0.19,1.42,4.09,-65.12,31.49
J,0.21,-0.38,1.34,19.53,-46.02,30.76
J,0.18,-0.17,1.37,15.93,-38.15,66.65
J,0.28,0.37,1.76,14.53,-26.98,71.35
J,0.25,0.37,1.77,5.00,16.97,42.72
J,0.26,0.30,1.48,9.16,70.07,29.91
J,0.23,0.45,1.25,8.61,50.29,23.86
J,0.20,0.32,1.11,0.55,64.51,12.63
J,0.18,0.06,0.79,1.16,58.23,15.99
J,0.17,0.11,0.64,0.49,40.47,24.11
J,0.16,0.24,0.76,18.80,19.04,14.34
J,0.18,0.14,0.59,20.57,23.62,2.32
J,0.13,0.10,0.51,12.88,12.76,0.31
J,0.12,0.11,0.71,3.54,-4.82,-2.69
J,0.12,0.14,0.74,3.66,-4.52,-3.30
J,0.09,0.05,0.77,1.10,-6.90,-7.26
J,0.08,0.03,0.85,0.67,-17.03,-8.61
J,0.09,0.04,0.95,1.28,-20.51,-5.00
J,0.09,0.06,1.01,-0.55,-12.57,-3.66
J,0.11,0.06,1.11,6.71,-10.01,-8.67
J,0.12,0.03,1.12,9.64,1.71,-12.08
J,0.13,0.04,1.06,12.39,14.40,-10.31
J,0.14,0.07,1.03,17.40,17.33,-8.30
J,0.19,0.16,1.15,14.89,27.47,-3.17
J,0.22,0.41,1.64,0.24,50.11,-12.39
J,0.11,0.37,1.76,6.77,94.12,-42.24
J,-0.21,-0.10,1.20,17.15,171.39,-77.09
J,-0.41,0.48,0.90,-39.00,159.48,-37.78
J,-0.51,0.28,0.69,-20.51,133.30,-77.27
J,-0.49,-0.20,0.65,-2.93,72.81,-65.73
J,-0.47,-0.15,0.59,-10.44,50.35,-33.69
J,-0.42,-0.02,0.61,-16.36,17.70,-20.69
J,-0.33,-0.19,0.66,8.18,-16.30,-25.82
J,-0.25,-0.25,0.68,22.64,-9.09,-17.94
J,-0.20,-0.21,0.63,15.26,-20.39,7.45
J,-0.22,-0.13,0.70,9.40,-44.07,27.83
J,-0.19,0.03,0.82,8.85,-51.09,34.00
J,-0.19,0.03,0.88,7.75,-43.33,17.09
J,-0.20,-0.06,0.91,9.28,-41.93,15.93
J,-0.21,0.12,0.88,-6.04,-39.79,25.27
J,-0.19,0.18,0.81,-4.33,-40.53,25.94
J,-0.20,0.21,1.04,2.50,-50.35,17.15
J,-0.17,0.25,1.03,8.06,-27.22,6.59
J,-0.17,0.25,0.93,2.01,-14.34,-4.70
J,-0.21,0.22,0.93,4.27,-16.72,-13.43
J,-0.20,0.26,1.00,4.46,-20.94,-19.47
J,-0.20,0.32,0.92,-1.28,-15.08,-23.93
J,-0.19,0.28,0.98,-3.36,-8.12,-36.99
J,-0.20,0.22,1.01,-2.50,-8.24,-44.25
J,-0.20,0.15,1.02,-3.36,-5.98,-51.09
J,-0.13,-0.15,1.00,-5.68,2.44,-62.99
J,-0.11,-0.44,0.94,-6.41,-0.98,-39.00
J,-0.12,-0.34,0.93,-9.16,-2.75,-18.19
J,-0.10,-0.25,0.99,1.22,-7.51,-8.00
J,-0.11,-0.23,0.94,7.20,-3.91,-7.26
J,-0.15,-0.18,0.94,6.10,-3.85,4.76
J,-0.16,-0.05,0.88,0.37,-8.36,11.84
J,-0.17,-0.03,1.00,2.69,-11.35,9.40
J,-0.18,0.10,0.93,3.11,-3.60,8.54
J,-0.19,0.08,0.98,0.92,-8.00,4.88
J,-0.18,0.05,0.90,2.38,-4.76,2.01
J,-0.16,0.03,0.93,5.37,-13.06,-0.79
J,-0.15,0.02,0.93,3.85,-11.78,0.43
J,-0.14,0.04,0.93,3.97,-12.94,-0.67
J,-0.13,0.03,0.84,3.78,-12.21,-2.08
J,-0.12,0.01,0.87,3.66,-18.98,-1.83
J,-0.11,0.05,0.88,4.94,-22.52,-3.60
J,-0.11,0.03,0.81,0.79,-21.48,-5.25
J,-0.09,0.07,0.82,4.15,-28.20,-2.93
J,-0.08,0.09,0.89,-0.06,-32.90,-6.71
J,-0.06,0.06,0.88,-2.08,-33.20,-9.16
J,-0.04,0.05,0.84,-0.18,-37.96,-9.52
J,-0.03,0.06,0.91,-1.65,-42.18,-11.23
J,-0.01,0.01,0.93,-5.07,-43.82,-12.51
J,0.02,-0.01,0.94,-4.09,-43.40,-10.50
J,0.06,0.03,0.93,-2.44,-44.43,-12.70
J,0.02,-0.05,0.91,-1.59,-44.80,-12.08
J,0.07,-0.12,0.97,-4.52,-54.63,-8.48
J,0.10,-0.11,0.96,-1.89,-52.06,-5.31
J,0.10,0.00,0.99,2.56,-52.98,-3.30
J,0.10,-0.09,0.98,1.22,-50.84,-6.65
J,0.16,-0.20,1.02,1.59,-50.23,-2.62
J,0.19,-0.16,1.11,4.88,-49.26,8.97
J,0.19,-0.11,1.11,4.64,-41.75,13.24
J,0.22,-0.23,1.13,8.73,-34.97,15.50
J,0.23,-0.11,1.19,9.40,-35.16,30.09
J,0.24,-0.06,1.18,7.20,-26.61,31.31
J,0.24,-0.15,1.11,8.18,-17.46,30.15
J,0.24,-0.12,1.02,14.95,-17.94,37.66
J,0.27,-0.07,1.10,14.22,-17.88,40.28
J,0.28,-0.08,1.09,20.87,-8.85,41.32
J,0.27,0.02,1.06,15.69,-2.87,44.92
J,0.28,0.06,1.08,18.55,-2.14,43.70
J,0.27,0.09,1.06,23.68,0.73,42.72
J,0.29,0.13,1.12,27.04,-0.67,42.85
J,0.30,0.26,1.12,16.17,6.71,37.05
J,0.28,0.22,1.13,13.24,13.37,26.43
J,0.27,0.18,1.08,7.69,23.07,17.40
J,0.27,0.21,1.06,5.13,25.82,11.90
J,0.25,0.17,0.96,6.35,29.36,6.10
J,0.23,0.09,0.89,7.39,27.28,3.60
J,0.20,0.10,0.80,6.71,22.83,1.10
J,0.19,0.09,0.80,8.24,19.10,-0.37
J,0.19,0.03,0.78,5.37,13.85,-3.11
J,0.19,-0.01,0.76,4.15,11.29,-2.01
J,0.15,0.04,0.73,3.11,2.93,-0.55
J,0.16,0.03,0.81,5.25,-7.57,-2.26
J,0.16,0.03,0.80,2.62,-7.57,-2.62
J,0.15,0.05,0.91,3.17,-11.96,-2.50
J,0.17,0.05,0.87,-1.22,-9.16,-2.44
J,0.26,0.04,1.00,-4.27,-6.77,-3.60
J,0.40,0.13,1.29,3.23,7.02,-2.01
J,0.42,0.29,1.60,16.54,31.13,-12.63
J,0.40,0.16,2.03,40.71,95.34,-44.49
J,0.07,0.03,1.37,30.40,205.38,-34.36
J,-0.24,0.17,0.99,36.13,219.36,-22.71
J,-0.45,0.27,0.30,20.57,173.95,-57.62
J,-0.52,-0.01,0.52,15.08,75.50,-75.20
J,-0.45,-0.15,0.61,-3.97,31.74,-51.15
J,-0.45,0.08,0.59,-16.30,12.21,-33.69
J,-0.35,-0.18,0.45,-9.03,-3.85,-48.22
J,-0.32,-0.20,0.71,18.80,-30.21,-4.76
J,-0.20,-0.01,0.67,23.44,-32.53,21.30
J,-0.17,0.28,0.79,9.70,-41.87,26.98
J,-0.11,0.61,0.99,11.47,-38.64,15.08
J,-0.08,0.75,0.86,-2.26,-26.55,-8.97
J,-0.16,0.64,0.86,-14.83,-29.79,-50.48
J,-0.14,0.40,0.82,-16.72,-36.07,-85.94
J,-0.09,-0.00,0.87,-17.70,-34.30,-93.02
J,-0.08,-0.51,0.93,-14.34,-29.66,-75.20
J,-0.04,-0.67,1.03,-6.10,-23.19,-35.89
J,-0.04,-0.43,1.08,2.99,-18.37,-8.67
J,-0.10,-0.34,1.04,1.28,-4.70,1.77
J,-0.11,-0.25,1.07,0.00,-4.33,12.21
J,-0.13,-0.07,1.00,6.84,4.03,13.18
J,-0.13,-0.00,0.91,10.62,4.46,6.96
J,-0.15,0.05,0.92,8.06,-1.65,11.84
J,-0.15,0.05,0.80,1.89,-0.37,7.08
J,-0.14,0.03,0.74,4.03,-7.69,7.45
J,-0.12,0.06,0.74,12.63,-19.04,6.47
J,-0.08,0.00,0.73,10.99,-24.41,1.53
J,-0.08,-0.02,0.65,9.46,-29.60,5.68
J,-0.10,0.23,0.76,10.93,-44.80,12.57
J,-0.04,0.14,0.78,3.48,-49.50,-1.83
J,-0.03,0.05,0.85,2.08,-57.56,-3.05
J,-0.01,0.09,0.90,1.65,-61.04,2.44
J,0.00,0.11,0.97,-2.08,-61.40,1.65
J,0.04,0.03,0.99,-5.07,-58.90,-5.43
J,0.05,0.08,1.03,-0.31,-55.48,-5.43
J,0.08,0.06,1.06,-1.77,-55.30,-8.18
J,0.11,-0.08,1.02,-1.89,-49.93,-5.98
J,0.12,-0.09,1.10,3.66,-53.04,-1.28
J,0.15,0.02,1.14,0.67,-47.06,4.88
J,0.17,-0.10,1.03,-0.43,-40.04,-3.23
J,0.14,-0.23,1.03,6.41,-41.69,0.18
J,0.15,-0.06,1.08,2.44,-40.47,20.14
J,0.21,-0.01,1.07,1.59,-30.88,17.46
J,0.21,-0.13,1.13,5.80,-32.41,13.37
J,0.25,-0.26,1.12,6.23,-29.24,22.83
J,0.27,-0.21,1.10,10.01,-22.58,34.85
J,0.28,-0.07,1.12,16.30,-19.84,43.27
J,0.26,-0.11,1.14,17.70,-11.72,46.14
J,0.22,-0.08,1.16,16.91,-8.97,53.65
J,0.24,-0.05,1.24,24.72,5.86,58.84
J,0.26,0.19,1.17,24.11,16.17,68.48
J,0.31,0.43,1.33,9.83,16.05,67.26
J,0.32,0.62,1.20,12.33,22.28,30.33
J,0.32,0.26,1.10,17.46,41.32,-1.59
J,0.24,0.22,0.73,14.04,27.95,13.37
J,0.24,0.16,0.59,7.51,19.53,9.03
J,0.25,0.10,0.58,13.61,5.07,5.86
J,0.25,0.14,0.62,12.57,-2.69,-0.37
J,0.22,0.09,0.64,5.43,-12.39,-1.77
J,0.23,0.08,0.69,6.16,-19.59,-2.26
J,0.21,0.12,0.87,-3.66,-19.71,-4.58
J,0.23,0.09,0.88,-5.80,-20.02,-12.02
J,0.29,0.09,1.04,-9.34,-19.84,-11.54
J,0.37,0.10,1.32,-11.72,-7.14,-11.60
J,0.38,0.14,1.46,-8.91,17.46,-12.82
J,0.38,0.18,1.86,-3.17,71.35,-20.26
J,0.32,0.29,1.87,10.86,120.73,-22.22
J,0.07,0.19,1.29,34.36,199.28,-57.50
J,-0.26,0.03,0.91,24.78,182.19,-72.39
J,-0.30,0.18,1.00,-2.50,144.96,-62.87
J,-0.42,0.08,0.39,-24.17,141.97,-66.04
J,-0.38,-0.07,0.61,10.07,20.26,-52.92
J,-0.36,-0.05,0.69,-9.40,11.72,-46.33
J,-0.25,-0.26,0.50,-5.98,-4.21,-25.39
J,-0.24,-0.09,0.54,12.70,-30.46,-2.14
J,-0.21,-0.06,0.72,25.63,-47.85,-7.63
J,-0.08,-0.08,0.79,20.51,-31.98,-7.93
J,-0.12,-0.14,0.75,12.39,-36.80,1.10
J,-0.09,0.07,0.94,11.29,-45.41,19.53
J,-0.08,0.18,0.88,0.18,-25.88,10.38
J,-0.13,0.09,0.88,-1.40,-28.32,-2.81
J,-0.12,0.00,0.91,1.53,-28.26,-3.23
J,-0.13,0.08,0.90,-6.90,-23.01,8.79
J,-0.13,0.18,0.88,-2.44,-27.10,7.69
J,-0.10,0.28,0.98,-4.39,-25.70,-1.89
J,-0.10,0.39,0.97,-9.89,-16.97,-8.67
J,-0.14,0.47,0.96,-10.62,-16.17,-20.20
J,-0.13,0.45,0.96,-11.54,-17.64,-45.04
J,-0.13,0.29,0.98,-19.71,-18.43,-55.24
J,-0.09,-0.02,0.96,-22.89,-14.71,-64.58
J,-0.04,-0.39,0.96,-20.14,-8.36,-57.68
J,-0.05,-0.48,0.96,-19.96,-11.60,-39.61
J,-0.04,-0.38,1.04,-9.83,-13.31,-12.15
J,-0.04,-0.31,1.02,-3.66,-7.57,-6.71
J,-0.06,-0.28,1.01,-0.18,-5.86,1.22
J,-0.06,-0.20,0.91,9.03,-0.92,6.96
J,-0.07,-0.16,0.98,9.09,-8.73,11.05
J,-0.06,-0.04,0.91,5.80,-3.42,14.40
J,-0.07,-0.00,0.93,9.46,-8.97,12.33
J,-0.07,0.03,0.82,11.23,-5.98,11.84
J,-0.05,0.06,0.83,10.68,-19.47,5.86
J,-0.04,0.03,0.79,5.62,-19.65,1.95
J,-0.04,-0.02,0.79,10.13,-27.10,-0.12
J,-0.03,0.04,0.81,3.42,-35.10,5.98
J,-0.02,0.01,0.82,1.77,-38.64,0.67
J,0.01,0.01,0.82,6.47,-39.67,-1.59
J,0.02,0.02,0.88,8.18,-49.50,-2.14
J,0.08,-0.02,0.90,4.82,-52.12,-2.62
J,0.10,0.03,0.92,2.56,-53.71,-2.20
J,0.13,-0.02,0.95,7.08,-53.96,-8.30
J,0.13,0.06,0.95,20.20,-50.05,-7.32
J,0.12,0.02,0.95,22.40,-50.72,-12.02
J,0.15,-0.03,0.98,9.95,-53.28,-5.92
J,0.23,0.02,1.11,-1.22,-55.91,-4.94
J,0.24,-0.11,1.01,3.54,-47.49,-10.68
J,0.21,-0.28,1.04,12.70,-44.92,-4.76
J,0.25,-0.01,1.10,-0.12,-47.24,19.59
J,0.28,0.00,1.21,1.16,-43.76,14.71
J,0.29,-0.18,1.14,11.35,-33.14,5.37
J,0.30,-0.17,1.13,9.58,-28.93,19.47
J,0.34,-0.02,1.22,4.64,-26.61,29.54
J,0.35,-0.09,1.21,10.44,-13.92,24.29
J,0.36,-0.11,1.12,9.83,-1.95,30.94
J,0.33,0.06,1.03,6.04,0.61,41.14
J,0.33,0.02,1.02,15.81,4.46,34.48
J,0.33,-0.04,1.06,19.71,2.87,35.64
J,0.31,0.07,1.00,16.36,12.94,43.21
J,0.30,0.16,1.02,17.15,12.02,42.48
J,0.28,0.20,1.05,15.26,12.88,32.59
J,0.26,0.25,1.07,15.87,18.74,24.41
J,0.27,0.28,1.09,14.22,26.92,15.56
J,0.28,0.28,0.91,10.25,31.92,6.47
J,0.26,0.19,0.91,8.97,27.28,-3.17
J,0.23,0.14,0.88,8.36,25.02,-6.29
J,0.23,0.07,0.81,3.48,22.22,-6.59
J,0.22,0.07,0.73,2.75,20.20,-3.91
J,0.20,0.05,0.70,6.77,12.08,-4.70
J,0.21,0.05,0.81,0.24,2.26,-1.46
J,0.20,0.07,0.79,1.22,1.53,-4.15
J,0.17,-0.01,0.78,1.65,-5.31,-6.53
J,0.16,0.04,0.86,0.43,-10.56,-3.23
J,0.19,0.03,0.94,-1.59,-11.66,-7.14
J,0.19,0.01,0.93,-1.10,-10.44,-4.33
J,0.20,0.01,0.94,-1.10,-10.86,-2.62
J,0.25,0.06,1.04,1.71,-8.91,-1.59
J,0.35,0.13,1.22,5.31,7.93,-3.60
J,0.43,0.26,1.55,31.68,27.77,-13.49
J,0.46,0.34,2.04,51.57,84.72,-44.62
J,0.29,0.16,1.89,52.73,160.34,-51.15
J,-0.17,0.18,0.78,51.45,243.77,-72.08
J,-0.42,0.39,0.68,-7.26,157.41,-79.59
J,-0.47,0.17,0.61,-14.65,121.28,-101.07
J,-0.42,-0.24,0.36,-10.56,45.41,-70.31
J,-0.38,-0.12,0.50,-32.23,-3.48,-16.48
J,-0.34,-0.14,0.54,-19.17,-23.74,-13.12
J,-0.20,-0.21,0.80,4.21,-48.40,-3.91
J,-0.20,-0.06,0.84,17.94,-27.47,13.06
J,-0.10,-0.13,0.84,30.09,-35.83,8.79
J,-0.12,0.02,0.88,0.06,-30.21,29.54
J,-0.11,0.12,0.92,-6.59,-31.86,24.11
J,-0.10,0.06,0.89,7.02,-27.04,11.60
J,-0.10,0.20,0.94,18.07,-30.46,21.06
J,-0.09,0.36,0.87,5.98,-25.63,19.10
J,-0.14,0.65,0.79,-6.35,-24.78,2.08
J,-0.19,0.66,0.77,-0.73,-32.35,-31.62
J,-0.14,0.50,0.98,-13.49,-34.00,-58.47
J,-0.08,0.11,1.00,-23.44,-29.30,-70.19
J,-0.04,-0.14,1.03,-24.72,-19.23,-68.91
J,-0.04,-0.33,1.00,-21.48,-13.24,-49.44
J,-0.04,-0.37,1.03,-12.63,-11.78,-27.40
J,-0.04,-0.31,1.05,-6.71,-9.22,-14.53
J,-0.06,-0.26,1.00,-7.39,0.31,0.24
J,-0.07,-0.17,0.96,-0.37,0.24,7.20
J,-0.08,-0.12,0.93,7.63,-0.18,10.68
J,-0.10,-0.01,0.93,8.48,-5.98,13.98
J,-0.10,0.07,0.89,6.77,-6.71,14.59
J,-0.08,0.04,0.86,7.39,-11.54,7.14
J,-0.08,0.04,0.88,11.78,-23.80,8.00
J,-0.07,0.06,0.86,8.00,-20.45,9.83
J,-0.06,0.03,0.82,2.87,-22.58,7.87
J,-0.06,0.06,0.81,9.83,-27.95,6.23
J,-0.05,0.09,0.83,5.74,-35.22,3.36
J,0.00,0.01,0.89,-4.03,-39.49,0.24
J,-0.02,0.02,0.88,1.46,-39.98,3.91
J,0.00,0.14,0.89,2.38,-44.98,0.43
J,0.04,0.07,0.87,-1.10,-47.91,-9.03
J,0.07,-0.01,0.90,10.62,-49.50,-9.77
J,0.09,0.09,0.92,7.57,-54.20,-5.19
J,0.12,0.07,0.95,1.34,-56.03,-8.91
J,0.17,-0.05,1.00,5.07,-58.35,-14.40
J,0.20,-0.10,1.02,2.20,-56.09,-4.39
J,0.22,-0.06,1.03,-3.36,-57.62,2.01
J,0.23,-0.11,1.05,1.16,-52.67,-0.43
J,0.23,-0.25,1.09,7.51,-48.52,1.77
J,0.28,-0.12,1.15,4.64,-45.47,25.39
J,0.30,-0.08,1.12,10.68,-39.67,24.35
J,0.30,-0.22,1.15,15.38,-35.77,23.62
J,0.31,-0.08,1.11,14.16,-30.52,44.74
J,0.35,-0.01,1.23,19.78,-26.12,46.75
J,0.36,-0.03,1.25,23.25,-4.21,43.52
J,0.35,-0.05,1.36,18.49,16.91,53.65
J,0.34,0.12,1.32,16.60,39.25,62.74
J,0.26,0.56,0.93,20.39,38.51,50.23
J,0.23,0.49,1.00,14.71,34.36,13.98
J,0.23,0.29,1.01,13.92,31.31,-1.34
J,0.22,0.26,0.66,8.30,30.88,-0.98
J,0.22,0.23,0.79,9.28,11.96,-2.81
J,0.25,0.19,0.71,11.23,7.51,-9.03
J,0.22,0.07,0.72,6.84,3.23,-6.04
J,0.20,0.11,0.70,4.03,-2.01,-2.20
J,0.22,0.13,0.73,2.08,-10.80,-4.88
J,0.21,0.03,0.87,-2.50,-15.08,-8.06
J,0.21,0.08,0.92,-3.66,-14.16,-2.69
J,0.23,0.11,0.94,-7.26,-13.43,-3.85
J,0.26,0.07,1.05,-4.27,-10.50,-7.57
J,0.29,0.05,1.18,6.29,8.12,-6.41
J,0.34,0.22,1.66,34.12,36.93,-10.25
J,0.33,0.41,1.93,82.70,88.87,-26.73
J,0.11,0.33,1.49,78.49,173.65,-66.83
J,-0.19,0.16,0.89,44.43,186.04,-84.59
J,-0.32,0.19,0.80,24.41,142.88,-68.79
J,-0.34,0.32,0.82,14.22,91.98,-59.69
J,-0.33,0.22,0.75,-9.58,74.16,-63.78
J,-0.26,-0.05,0.57,-45.29,32.04,-45.47
J,-0.26,-0.12,0.60,-26.86,-17.52,-15.20
J,-0.19,-0.03,0.83,-5.98,-26.92,-2.32
J,-0.13,0.04,0.70,-11.35,-11.29,1.59
J,-0.16,-0.03,0.69,4.33,-31.07,-2.14
J,-0.12,-0.13,0.61,11.66,-32.53,3.91
J,-0.06,0.07,0.96,12.88,-56.76,29.17
J,-0.07,0.24,0.82,-9.28,-33.26,32.96
J,-0.05,0.53,0.87,-11.11,-40.04,19.59
J,-0.11,0.83,0.89,-7.39,-27.95,-29.54
J,-0.12,0.44,0.89,-14.65,-25.63,-65.49
J,-0.12,0.17,0.84,-21.00,-28.75,-60.12
J,-0.08,-0.03,0.96,-18.13,-27.95,-60.73
J,-0.05,-0.17,1.00,-19.90,-24.60,-55.48
J,-0.03,-0.32,1.06,-14.04,-12.27,-38.94
J,-0.03,-0.29,1.03,-10.13,-6.96,-22.58
J,-0.06,-0.18,1.05,-1.59,-15.69,-4.82
J,-0.07,-0.12,1.05,1.59,-5.86,-1.40
J,-0.08,-0.11,1.05,4.58,-2.69,1.10
J,-0.09,-0.00,1.00,2.38,3.85,7.75
J,-0.11,0.05,0.96,6.65,-0.79,2.01
J,-0.11,0.02,0.94,6.96,-0.55,-1.04
J,-0.10,0.03,0.97,7.32,-4.03,4.52
J,-0.09,0.07,0.95,4.76,0.06,7.08
J,-0.07,0.05,0.90,5.49,5.62,5.19
J,-0.07,0.07,0.90,9.83,-2.50,6.10
J,-0.09,0.10,0.81,6.23,-2.38,6.77
J,-0.07,0.10,0.84,7.93,-7.69,2.69
J,-0.06,0.04,0.83,10.50,-14.53,-0.73
J,-0.07,0.06,0.80,12.88,-18.19,3.42
J,-0.09,0.10,0.79,16.05,-29.05,4.21
J,-0.06,0.10,0.78,8.42,-33.08,3.85
J,-0.06,0.12,0.77,8.18,-38.15,5.07
J,-0.02,0.08,0.85,4.33,-54.26,1.65
J,0.05,0.05,0.93,2.38,-55.97,2.01
J,0.07,0.10,0.98,4.52,-57.74,3.17
J,0.09,0.05,0.94,0.00,-52.61,-0.06
J,0.10,-0.03,0.92,2.50,-54.02,-0.43
J,0.10,0.15,1.05,5.49,-62.56,4.76
J,0.11,0.14,1.04,0.00,-55.30,0.12
J,0.18,0.07,1.03,5.07,-50.90,-4.09
J,0.20,-0.05,1.10,8.67,-55.18,-7.87
J,0.24,-0.12,1.21,3.78,-48.65,2.75
J,0.25,-0.14,1.15,3.17,-34.12,15.44
J,0.25,-0.05,1.17,7.63,-33.08,22.89
J,0.26,-0.04,1.14,6.59,-24.48,26.18
J,0.27,-0.11,1.13,13.61,-18.19,27.10
J,0.25,-0.07,1.02,14.16,-13.92,38.33
J,0.26,0.20,1.09,7.32,-15.14,46.81
J,0.26,0.17,1.12,7.14,-7.75,37.23
J,0.26,0.03,1.14,4.94,9.28,33.81
J,0.26,0.10,1.26,5.62,25.57,49.44
J,0.25,0.29,0.94,3.85,37.60,55.11
J,0.22,0.45,1.13,14.59,21.36,29.17
J,0.24,0.34,1.05,5.00,24.60,2.44
J,0.22,0.27,1.01,-1.83,29.05,0.31
J,0.23,0.18,0.86,-5.80,27.28,-6.10
J,0.20,0.10,0.80,-3.17,20.02,-5.62
J,0.21,0.13,0.72,4.88,11.17,-5.92
J,0.22,0.02,0.72,1.10,8.48,-6.47
J,0.21,0.05,0.69,1.46,5.98,-1.59
J,0.20,0.11,0.68,3.05,-2.08,0.06
J,0.20,0.08,0.75,3.60,-11.54,-4.76
J,0.21,0.05,0.82,5.07,-13.92,-6.53
J,0.22,0.08,0.97,5.49,-12.33,-3.66
J,0.26,0.18,1.18,7.87,-6.84,-5.55
J,0.29,0.19,1.40,17.09,25.45,-18.31
J,0.27,0.35,1.86,14.22,64.94,-29.36
J,0.16,0.25,1.67,8.42,130.49,-30.27
J,-0.24,0.11,0.80,15.50,173.03,-34.06
J,-0.36,0.05,0.79,13.49,99.37,-39.31
J,-0.30,0.18,0.90,0.85,47.79,-32.23
J,-0.27,0.09,0.83,-9.16,32.53,-29.17
J,-0.26,-0.05,0.82,4.94,10.86,-25.02
J,-0.15,0.19,0.77,7.32,10.44,-10.86
J,-0.10,-0.00,0.88,8.12,-3.23,-30.52
J,-0.12,-0.03,0.66,7.51,10.31,-20.20
J,-0.07,0.09,0.84,23.13,-9.89,-16.66
J,-0.05,-0.01,0.69,16.11,-3.66,-19.65
J,-0.04,0.05,0.90,7.69,-15.87,-10.19
J,-0.05,0.03,0.84,-0.06,-11.90,-5.62
J,-0.05,0.02,0.90,-0.31,-13.85,-1.22
J,-0.07,0.08,0.84,2.62,-5.98,0.37
J,-0.11,0.05,0.82,9.22,-14.53,3.17
J,-0.11,-0.03,0.92,8.85,-21.36,8.12
J,-0.11,0.20,0.90,6.23,-17.76,26.61
J,-0.11,0.52,0.87,7.81,-19.35,18.86
J,-0.13,0.80,0.95,-7.51,-17.21,-22.34
J,-0.13,0.39,0.94,-14.89,-12.15,-61.52
J,-0.13,0.23,0.90,-18.01,-12.88,-57.25
J,-0.10,0.06,0.95,-21.42,-17.82,-55.54
J,-0.02,-0.24,1.04,-14.59,-9.95,-50.78
J,-0.04,-0.31,0.95,-14.71,-3.72,-33.02
J,-0.04,-0.23,0.97,-9.89,-7.69,-10.86
J,-0.05,-0.11,1.04,-3.48,-8.18,-4.15
J,-0.07,-0.14,1.00,5.13,-4.27,-6.77
J,-0.09,-0.05,0.98,3.91,-1.59,7.20
J,-0.11,0.09,0.92,1.53,-3.05,10.86
J,-0.12,0.09,0.97,3.60,-5.37,2.93
J,-0.11,0.04,0.94,3.17,-5.19,-0.61
J,-0.10,0.07,0.94,1.16,-5.80,3.97
J,-0.09,0.11,0.93,2.93,-8.48,2.01
J,-0.08,0.07,0.93,2.62,-8.06,-1.71
J,-0.07,0.07,0.88,1.40,-8.24,-0.06
J,-0.05,0.06,0.86,3.60,-14.53,0.06
J,-0.05,0.06,0.81,4.09,-15.87,-0.85
J,-0.05,0.09,0.83,2.93,-20.87,0.31
J,-0.05,0.08,0.80,1.59,-23.25,-0.24
J,-0.05,0.06,0.80,2.08,-29.48,-2.50
J,-0.01,0.10,0.86,-1.89,-36.32,-1.22
J,0.02,0.07,0.90,-3.36,-38.15,-3.05
J,0.02,0.02,0.88,-1.22,-41.32,-3.85
J,0.04,0.04,0.92,0.37,-45.04,-0.49
J,0.09,0.09,0.97,-0.24,-45.04,-1.59
J,0.07,0.07,0.91,2.26,-44.86,-4.76
J,0.09,0.06,0.92,4.94,-47.85,-4.21
J,0.14,0.12,1.00,-1.65,-52.19,-2.38
J,0.19,0.09,1.05,0.73,-48.40,-6.71
J,0.18,0.05,0.96,1.95,-44.68,-7.57
J,0.21,-0.04,1.02,-4.46,-50.11,-4.82
J,0.25,-0.12,1.06,-2.56,-46.57,-2.69
J,0.29,-0.07,1.05,0.12,-42.85,7.57
J,0.28,-0.13,1.01,9.16,-43.03,5.00
J,0.28,-0.23,0.95,10.68,-41.50,9.95
J,0.28,-0.06,1.00,13.79,-43.40,30.09
J,0.29,0.07,1.08,12.08,-44.80,32.29
J,0.31,-0.00,1.08,7.69,-42.11,21.18
J,0.37,-0.16,1.16,8.61,-26.79,22.22
J,0.39,-0.15,1.11,10.31,-19.71,32.84
J,0.39,-0.04,1.13,12.39,-16.36,42.72
J,0.36,0.01,1.12,17.94,-5.86,40.71
J,0.34,0.09,1.15,16.85,0.73,42.05
J,0.34,0.18,1.17,5.49,16.11,37.96
J,0.35,0.11,1.25,7.75,27.53,28.63
J,0.27,0.27,0.90,11.41,36.50,32.65
J,0.28,0.30,1.05,9.89,31.86,16.91
J,0.29,0.28,1.07,10.56,30.33,10.80
J,0.30,0.16,0.94,5.25,41.20,3.23
J,0.26,0.14,0.83,9.64,29.72,3.48
J,0.26,0.13,0.90,6.77,24.66,3.48
J,0.27,0.17,0.84,6.35,25.63,0.61
J,0.25,0.09,0.70,9.95,30.15,-5.74
J,0.19,0.04,0.65,9.58,9.34,-5.25
J,0.19,0.09,0.77,10.62,-7.93,-8.06
J,0.20,0.07,0.74,4.09,-4.09,-8.97
J,0.20,0.07,0.80,5.19,-9.09,-7.26
J,0.24,0.11,1.07,7.20,-7.51,-7.81
J,0.31,0.13,1.24,10.99,6.53,-12.15
J,0.36,0.20,1.73,25.63,42.91,-26.86
J,0.27,0.29,1.67,15.32,89.72,-39.25
J,-0.05,-0.00,1.30,2.62,129.76,-56.27
J,-0.23,0.28,1.09,-3.97,103.76,-34.85
J,-0.26,0.29,0.84,-0.73,101.20,-49.87
J,-0.25,0.10,0.90,0.85,59.33,-46.81
J,-0.21,-0.13,0.74,4.09,38.27,-40.16
J,-0.18,-0.09,0.73,1.95,31.25,-16.85
J,-0.16,0.03,0.67,4.46,20.32,0.49
J,-0.17,0.03,0.67,14.89,11.60,-5.55
J,-0.10,-0.08,0.77,23.99,1.28,-9.28
J,-0.05,-0.04,0.87,15.69,-6.04,8.85
J,-0.04,0.09,0.88,3.23,-5.19,18.80
J,-0.10,0.16,0.74,-0.61,-3.54,21.61
J,-0.08,0.43,0.87,12.21,-15.93,22.40
J,-0.14,0.90,0.74,9.77,-17.64,-9.09
J,-0.12,0.67,0.96,-1.83,-24.78,-68.85
J,-0.12,0.23,0.80,-18.37,-17.27,-87.52
J,-0.07,-0.16,0.90,-27.71,-16.72,-76.11
J,-0.05,-0.43,1.03,-25.51,-11.66,-46.45
J,-0.06,-0.41,0.98,-12.39,-3.30,-24.05
J,-0.08,-0.21,0.97,1.40,-8.00,-1.83
J,-0.09,-0.17,1.04,4.52,-9.58,1.40
J,-0.12,-0.15,1.02,5.98,2.56,10.80
J,-0.11,-0.04,0.92,6.53,10.01,17.94
J,-0.13,0.17,0.77,8.12,3.36,20.87
J,-0.14,0.09,0.83,7.20,-10.44,5.31
J,-0.14,0.09,0.77,6.71,-13.12,4.52
J,-0.12,0.04,0.75,5.68,-20.26,4.64
J,-0.09,0.18,0.76,6.47,-30.46,9.46
J,-0.08,0.14,0.77,6.29,-38.15,2.69
J,-0.08,0.09,0.83,4.21,-43.58,2.75
J,-0.01,0.10,0.89,4.27,-44.68,4.27
J,-0.02,0.13,0.86,6.10,-48.22,3.11
J,-0.02,0.11,0.96,4.15,-56.34,-5.07
J,0.04,0.06,0.96,-2.01,-55.97,-7.45
J,0.09,0.03,1.04,-3.78,-51.51,-4.21
J,0.04,0.07,0.90,4.46,-45.35,-2.69
J,0.07,0.05,1.04,7.93,-58.41,-6.90
J,0.14,-0.00,1.16,5.68,-56.58,-7.32
J,0.14,-0.14,1.08,4.09,-33.87,-1.83
J,0.12,-0.09,0.94,-0.67,-29.42,9.77
J,0.16,0.06,1.11,-0.37,-40.59,10.38
J,0.18,-0.07,1.13,-0.85,-35.58,7.08
J,0.19,-0.09,1.10,3.91,-26.06,17.03
J,0.20,-0.16,1.08,8.67,-18.68,21.00
J,0.20,-0.04,1.15,9.52,-19.65,32.04
J,0.22,-0.01,1.15,11.66,-10.62,34.36
J,0.20,0.06,1.15,13.24,-1.53,38.64
J,0.18,0.15,1.05,13.18,5.25,40.16
J,0.20,0.19,1.15,13.49,11.90,32.96
J,0.20,0.19,1.19,11.23,16.17,31.86
J,0.19,0.22,1.11,12.27,31.56,30.58
J,0.17,0.37,1.00,15.81,29.54,22.52
J,0.17,0.32,1.00,8.24,25.33,10.80
J,0.18,0.21,0.94,0.31,30.88,5.37
J,0.16,0.19,0.76,-0.31,23.74,5.86
J,0.12,0.20,0.73,3.36,15.08,3.78
J,0.11,0.13,0.72,4.94,8.67,-3.30
J,0.10,0.11,0.75,1.71,1.28,-0.31
J,0.12,0.16,0.82,-4.09,-5.55,1.34
J,0.12,0.10,0.82,2.99,-8.00,-7.57
J,0.10,0.09,0.90,-0.12,-13.85,-6.10
J,0.12,0.13,0.84,-5.74,-8.12,-2.56
J,0.14,0.13,1.09,-1.46,-14.34,-7.63
J,0.17,0.25,1.36,-12.76,9.83,-11.54
J,0.32,0.51,1.97,-30.88,66.28,-25.94
J,0.12,0.28,1.66,-13.67,150.63,-49.44
J,-0.19,-0.33,0.86,10.86,187.13,-89.84
J,-0.36,-0.08,0.56,1.16,103.33,-37.17
J,-0.39,-0.11,0.79,9.46,38.15,-32.35
J,-0.33,-0.08,0.67,-1.46,18.07,-9.95
J,-0.30,-0.13,0.74,4.58,-4.76,0.24
J,-0.18,0.05,0.91,-3.85,-19.29,8.06
J,-0.15,-0.06,0.82,3.54,-14.47,3.17
J,-0.15,-0.11,0.79,13.37,-12.82,7.45
J,-0.13,-0.07,0.83,27.83,-24.35,16.91
J,-0.12,0.02,0.73,17.64,-21.67,23.01
J,-0.14,0.04,0.72,19.41,-31.01,27.40
J,-0.06,0.43,0.98,21.48,-39.43,48.03
J,-0.01,0.95,0.99,7.81,-29.30,29.79
J,-0.05,1.01,1.01,-13.98,-11.84,-60.91
J,-0.09,0.13,0.95,-8.61,-13.98,-110.17
J,-0.09,0.01,0.77,-28.38,-5.13,-86.18
J,-0.03,-0.15,0.87,-32.17,-24.78,-81.30
J,-0.01,-0.48,0.94,-8.18,-15.20,-59.69
J,-0.03,-0.45,0.99,-3.17,-14.34,-29.36
J,-0.04,-0.23,0.96,-6.29,-9.77,-4.70
J,-0.07,-0.19,0.99,1.04,-13.12,-3.23
J,-0.08,-0.11,1.03,4.39,-10.01,3.05
J,-0.09,-0.05,1.06,-4.82,-3.72,6.90
J,-0.08,-0.00,0.94,-1.89,2.38,9.46
J,-0.11,0.11,0.94,1.59,-3.11,6.04
J,-0.05,-0.03,1.01,0.43,-7.51,-4.82
J,-0.07,0.07,0.94,0.12,-3.60,2.26
J,-0.04,-0.00,0.89,-2.69,-5.62,-1.34
J,-0.08,0.03,0.82,4.15,-8.36,4.21
J,-0.06,0.07,0.90,3.11,-15.08,-2.62
J,-0.05,0.02,0.87,2.50,-14.65,-2.14
J,-0.07,0.04,0.84,6.29,-18.19,-0.73
J,-0.06,0.05,0.89,8.36,-28.87,-6.77
J,-0.05,0.05,0.81,4.21,-26.43,-5.62
J,0.01,-0.01,0.88,7.32,-31.25,-6.84
J,-0.02,-0.00,0.88,5.43,-36.68,0.37
J,-0.01,0.09,0.88,5.37,-38.45,0.92
J,0.06,0.05,0.92,5.86,-38.51,-6.47
J,0.08,0.04,1.00,11.17,-42.54,-5.74
J,0.05,-0.02,0.98,3.97,-39.37,-0.92
J,0.09,0.03,0.96,0.43,-42.30,2.20
J,0.14,-0.08,0.96,-1.40,-44.62,-2.75
J,0.10,-0.24,1.09,2.20,-46.45,5.07
J,0.10,-0.08,1.06,4.76,-36.80,20.26
J,0.12,-0.06,1.06,5.43,-35.16,22.64
J,0.14,-0.11,0.96,13.49,-37.90,18.68
J,0.16,-0.16,1.10,23.32,-45.29,21.97
J,0.18,-0.06,1.11,16.48,-35.16,37.11
J,0.20,0.08,1.15,18.62,-19.78,34.79
J,0.21,-0.08,1.09,21.48,-11.23,27.77
J,0.18,-0.00,1.05,19.47,-13.67,46.45
J,0.19,0.28,1.14,19.23,-10.56,49.13
J,0.22,0.24,1.22,20.08,0.67,33.81
J,0.26,0.07,1.43,14.83,26.98,24.84
J,0.27,0.17,1.09,0.79,56.52,35.16
J,0.21,0.41,1.16,15.62,17.76,25.39
J,0.21,0.30,1.13,5.49,47.42,6.53
J,0.19,0.27,0.91,4.82,58.23,-1.95
J,0.13,0.20,0.82,8.00,30.03,-6.10
J,0.13,0.11,0.71,7.32,13.43,-8.12
J,0.12,0.09,0.72,9.09,9.70,-5.74
J,0.13,0.10,0.72,7.14,-1.34,-4.27
J,0.13,0.10,0.69,5.55,-4.33,-5.13
J,0.14,0.07,0.79,7.14,-18.25,-4.09
J,0.15,0.08,0.98,1.95,-26.49,-0.49
J,0.17,0.15,1.08,-4.03,-13.85,0.55
J,0.27,0.30,1.52,-2.26,4.82,-5.13
J,0.26,0.42,1.77,-6.65,41.99,-21.24
J,0.04,0.35,1.71,-24.60,117.61,-44.62
J,-0.24,-0.02,0.99,-8.61,152.53,-76.97
J,-0.36,-0.05,0.70,-5.62,117.74,-54.08
J,-0.36,-0.07,0.81,3.78,44.37,-33.02
J,-0.32,-0.21,0.64,-16.97,35.71,-11.84
J,-0.29,-0.16,0.60,-8.36,13.31,5.43
J,-0.19,0.03,0.81,19.35,-11.11,12.94
J,-0.12,0.03,0.80,18.07,-3.91,2.26
J,-0.09,-0.12,0.76,19.10,-3.97,-1.77
J,-0.07,-0.12,0.70,19.71,-10.86,17.70
J,-0.08,-0.03,0.58,25.09,-24.78,31.98
J,0.01,0.76,1.04,24.54,-43.46,34.79
J,-0.09,1.10,0.78,14.53,-42.30,-38.09
J,-0.06,0.55,1.11,5.07,-46.20,-91.55
J,-0.05,-0.02,0.89,-25.33,-27.40,-82.21
J,-0.01,-0.21,0.96,-35.71,-22.89,-67.99
J,0.02,-0.52,1.18,-15.20,-10.62,-46.51
J,-0.02,-0.40,0.85,-7.08,17.94,-7.32
J,-0.04,-0.21,0.95,4.21,-3.36,8.18
J,-0.05,-0.12,1.01,13.12,9.28,13.24
J,-0.05,-0.05,0.92,12.27,10.62,17.64
J,-0.04,0.10,0.75,8.12,9.34,22.52
J,-0.10,0.26,0.68,24.72,-12.70,12.27
J,-0.15,0.28,0.55,15.50,-18.49,1.40
J,-0.06,0.17,0.71,3.54,-47.30,-15.81
J,-0.02,0.09,0.61,1.04,-53.28,-12.88
J,-0.02,0.00,0.77,12.51,-66.35,-18.43
J,-0.00,-0.00,0.77,2.32,-73.06,-6.71
J,0.13,0.08,0.94,-7.02,-83.44,-4.21
J,0.17,0.03,1.04,3.23,-84.11,-10.13
J,0.17,-0.11,1.16,13.92,-74.46,-16.05
J,0.19,-0.07,1.07,6.29,-68.91,-7.81
J,0.22,-0.22,1.06,10.31,-66.65,-4.21
J,0.19,-0.37,1.26,12.27,-69.52,17.03
J,0.20,-0.16,1.20,8.18,-58.23,46.69
J,0.27,0.14,1.44,10.13,-56.95,48.71
J,0.28,0.03,1.41,13.00,-31.92,41.81
J,0.26,0.00,1.46,14.22,-12.70,49.13
J,0.29,0.29,1.52,7.69,21.85,61.65
J,0.29,0.22,1.74,1.89,56.21,52.86
J,0.25,0.33,1.03,-0.98,108.22,36.80
J,0.19,0.39,0.87,5.43,62.13,26.00
J,0.20,0.37,0.84,5.37,55.60,12.57
J,0.14,0.29,0.41,-1.83,43.03,7.87
J,0.18,0.21,0.57,15.87,-18.31,-16.85
J,0.21,0.05,0.74,9.95,-21.67,-12.15
J,0.24,0.21,0.62,2.38,-9.52,-1.04
J,0.30,0.32,1.28,17.46,-29.85,-10.93
J,0.23,0.15,1.55,11.47,31.74,-32.10
J,0.04,0.16,1.80,2.93,97.60,-32.71
J,-0.04,0.24,1.26,-12.21,153.63,-42.11
J,-0.25,0.05,0.87,-7.08,145.57,-55.42
J,-0.32,0.04,0.90,0.06,99.43,-34.61
J,-0.32,0.12,0.78,-20.02,84.47,-24.78
J,-0.31,-0.15,0.59,-11.05,45.10,-27.40
J,-0.27,-0.17,0.65,1.65,19.78,-12.57
J,-0.20,-0.11,0.48,26.79,-1.10,0.24
J,-0.13,0.01,0.82,19.23,-35.46,6.10
J,-0.12,-0.01,0.83,0.73,-28.26,12.21
J,-0.10,0.11,0.79,10.93,-43.09,16.30
J,-0.04,0.20,1.08,10.07,-28.87,16.30
J,-0.07,0.36,0.84,2.20,-11.60,13.55
J,-0.12,0.40,0.85,1.77,-26.98,-8.12
J,-0.17,0.36,0.82,-3.17,-29.11,-21.00
J,-0.19,0.38,0.84,-6.29,-29.36,-31.19
J,-0.15,0.48,0.79,-7.57,-30.46,-51.27
J,-0.11,0.31,0.98,-3.60,-42.36,-73.55
J,-0.04,-0.06,1.01,-12.63,-21.42,-78.61
J,-0.01,-0.45,1.07,-24.23,-21.24,-60.42
J,0.00,-0.39,1.12,-16.91,-9.77,-33.08
J,-0.01,-0.30,1.02,-2.44,1.71,-15.50
J,-0.04,-0.31,1.04,-2.38,2.50,-8.00
J,-0.07,-0.20,1.08,2.99,6.90,10.50
J,-0.08,-0.13,1.02,4.33,23.74,16.91
J,-0.07,-0.03,0.82,10.86,31.86,20.94
J,-0.10,0.12,0.81,17.82,1.83,26.06
J,-0.11,0.07,0.78,13.55,1.65,18.19
J,-0.09,0.15,0.71,12.02,1.46,18.37
J,-0.08,0.21,0.68,14.89,-31.80,2.56
J,-0.09,0.10,0.66,12.15,-33.63,-3.97
J,-0.11,0.08,0.73,5.92,-45.10,-1.71
J,-0.03,0.10,0.84,5.55,-55.48,-1.89
J,-0.01,0.13,0.80,6.16,-56.58,-3.66
J,-0.02,0.20,0.86,12.94,-69.21,-13.49
J,0.06,0.07,1.05,10.31,-74.28,-25.39
J,0.13,-0.00,0.96,-9.70,-64.70,-13.37
J,0.09,-0.16,1.13,-2.62,-70.07,-16.60
J,0.12,-0.28,1.20,1.59,-65.86,-12.15
J,0.16,-0.17,1.25,4.58,-54.02,5.68
J,0.14,-0.22,1.17,14.34,-42.97,15.69
J,0.14,-0.15,1.16,16.91,-39.61,26.00
J,0.18,0.07,1.21,14.65,-37.90,38.70
J,0.19,0.10,1.19,11.90,-28.93,36.32
J,0.22,-0.08,1.15,16.42,-22.89,28.08
J,0.18,-0.03,1.01,13.00,-10.07,48.58
J,0.19,0.26,1.19,16.85,-18.07,57.86
J,0.21,0.23,1.24,10.93,1.10,38.27
J,0.22,0.08,1.18,3.42,16.54,32.84
J,0.20,0.20,1.10,3.23,15.38,39.12
J,0.20,0.36,1.13,11.11,25.09,32.47
J,0.19,0.25,1.01,1.46,41.50,17.64
J,0.20,0.24,0.86,1.71,35.46,17.40
J,0.18,0.24,0.92,4.70,23.99,8.48
J,0.17,0.19,0.67,-2.50,26.67,7.81
J,0.18,0.13,0.61,5.68,11.84,1.95
J,0.21,0.15,0.57,17.94,-6.77,-3.66
J,0.22,0.05,0.68,13.55,-13.49,-4.09
J,0.24,0.25,0.84,2.50,-18.62,4.46
J,0.27,0.21,0.99,0.31,-13.24,-6.90
J,0.28,0.16,1.24,-8.42,7.02,-13.31
J,0.23,0.27,1.48,-23.44,31.62,-19.96
J,0.18,0.25,1.69,-20.87,60.00,-31.37
J,0.02,0.07,1.38,-6.29,133.91,-50.23
J,-0.19,0.14,0.89,-16.72,136.90,-52.55
J,-0.25,-0.05,0.94,-21.42,93.20,-58.59
J,-0.35,-0.05,0.72,-24.11,67.99,-25.02
J,-0.35,-0.05,0.88,-12.33,26.86,-20.51
J,-0.24,-0.07,0.78,-10.68,20.57,-8.91
J,-0.23,-0.06,0.82,0.61,13.00,-8.54
J,-0.21,-0.06,0.73,4.64,9.34,-5.68
J,-0.16,-0.00,0.94,15.26,-8.91,-6.53
J,-0.13,-0.16,0.74,19.41,6.84,-10.86
J,-0.11,-0.15,0.81,20.26,-7.14,0.49
J,-0.08,-0.01,0.86,22.58,-18.55,8.79
J,-0.11,-0.01,0.90,12.39,-17.52,9.09
J,-0.13,-0.03,0.83,14.10,-21.67,7.32
J,-0.13,0.02,0.80,17.94,-23.62,17.70
J,-0.09,0.30,0.87,15.38,-29.11,19.71
J,-0.11,0.34,0.91,11.84,-16.48,-1.40
J,-0.15,0.40,0.85,9.52,-15.50,-13.00
J,-0.15,0.52,0.87,1.65,-16.66,-19.96
J,-0.15,0.57,0.97,-10.56,-20.45,-49.19
J,-0.12,0.20,0.93,-18.49,-18.13,-74.71
J,-0.08,-0.13,0.97,-22.58,-20.75,-68.48
J,-0.05,-0.21,1.05,-15.56,-22.34,-50.84
J,-0.01,-0.30,1.07,-14.16,-15.01,-43.64
J,-0.02,-0.41,1.07,-8.12,0.73,-24.23
J,-0.07,-0.24,0.98,2.62,-5.00,-2.20
J,-0.07,-0.22,0.99,3.60,-3.48,0.37
J,-0.07,-0.19,0.89,6.59,0.18,9.89
J,-0.08,-0.07,0.95,11.41,-5.25,19.10
J,-0.09,0.09,0.83,11.78,-8.30,17.09
J,-0.08,0.09,0.79,10.25,-8.91,6.77
J,-0.08,0.06,0.72,12.33,-15.75,3.05
J,-0.09,0.09,0.73,8.61,-29.42,5.31
J,-0.04,0.13,0.75,3.17,-38.64,1.59
J,0.00,0.05,0.80,8.73,-45.23,-5.49
J,-0.02,0.10,0.70,12.88,-52.92,-1.04
J,0.00,0.10,0.90,12.15,-65.80,-2.99
J,0.08,0.11,0.90,4.94,-64.64,-4.52
J,0.13,-0.03,0.94,7.81,-65.37,-8.06
J,0.16,0.07,1.02,15.62,-68.48,-4.46
J,0.20,-0.03,0.97,5.25,-61.77,-8.06
J,0.24,-0.08,1.00,2.75,-62.50,-4.88
J,0.19,-0.02,1.06,11.41,-63.72,4.82
J,0.23,-0.04,1.15,2.56,-59.02,6.35
J,0.28,-0.11,1.27,2.50,-53.47,6.47
J,0.30,-0.22,1.32,-0.31,-38.33,15.75
J,0.31,-0.22,1.15,0.12,-20.39,29.11
J,0.33,-0.29,1.21,9.89,-22.71,34.97
J,0.33,-0.22,1.18,22.09,-9.64,53.96
J,0.29,-0.01,1.19,18.92,-2.44,68.66
J,0.27,0.24,1.08,14.95,10.62,65.19
J,0.27,0.11,1.24,27.22,11.29,42.30
J,0.26,0.18,1.18,20.08,21.30,49.38
J,0.31,0.42,1.14,13.12,44.07,44.68
J,0.25,0.39,1.20,36.07,29.54,3.23
J,0.24,0.22,0.87,24.90,50.78,-2.75
J,0.20,0.25,0.71,10.31,35.52,7.81
J,0.21,0.24,0.65,14.40,25.57,4.39
J,0.21,0.18,0.58,28.14,10.74,-6.41
J,0.21,0.12,0.46,17.40,-4.03,-3.36
J,0.22,0.16,0.59,9.22,-15.99,2.62
J,0.29,0.16,0.84,6.96,-20.32,1.83
J,0.32,0.39,1.23,-7.81,-3.05,1.77
J,0.34,0.34,1.42,-12.08,26.25,-22.16
J,0.27,0.18,1.60,-4.15,69.52,-38.27
J,0.11,0.20,1.58,-3.97,108.09,-33.87
J,-0.19,0.04,1.24,-16.85,131.10,-55.11
J,-0.28,0.04,1.02,-5.07,120.00,-39.00
J,-0.30,0.24,0.64,-8.12,104.25,-33.63
J,-0.28,-0.03,0.91,-7.81,31.62,-41.93
J,-0.27,-0.09,0.70,-23.32,39.00,-20.57
J,-0.34,-0.10,0.52,-12.94,22.40,-10.86
J,-0.15,0.04,0.84,5.55,-11.05,-11.96
J,-0.13,-0.03,0.66,6.16,1.77,-9.64
J,-0.12,-0.20,0.75,26.06,-14.04,-5.49
J,-0.10,-0.04,0.70,27.04,-26.31,20.39
J,-0.03,0.25,0.95,15.01,-38.21,33.57
J,-0.06,0.58,0.90,5.98,-28.99,8.73
J,-0.12,0.82,0.69,13.12,-17.46,-29.48
J,-0.10,0.85,0.87,-4.39,-44.25,-61.89
J,-0.05,0.16,0.80,-25.21,-29.30,-87.59
J,-0.01,-0.02,0.88,-19.84,-37.84,-84.84
J,0.07,-0.45,1.09,-25.82,-32.35,-68.12
J,0.07,-0.43,1.15,-3.78,-9.40,-45.35
J,0.06,-0.53,1.20,-5.13,4.33,-27.95
J,-0.02,-0.28,0.98,-8.42,27.28,5.74
J,-0.07,-0.11,0.95,8.73,12.88,7.08
J,-0.09,-0.09,1.04,11.23,5.00,8.36
J,-0.09,0.00,1.00,14.71,19.65,14.22
J,-0.12,0.12,0.74,10.31,24.72,16.78
J,-0.12,0.08,0.88,19.84,-13.49,1.95
J,-0.11,0.10,0.63,17.21,-11.72,3.78
J,-0.08,0.13,0.66,11.29,-25.09,1.59
J,-0.07,0.04,0.67,4.76,-37.90,3.66
J,-0.06,-0.01,0.75,11.23,-52.98,1.77
J,-0.06,0.11,0.71,6.65,-57.01,11.29
J,-0.02,0.24,0.78,4.76,-66.71,3.36
J,0.03,0.17,0.98,6.96,-76.35,-6.16
J,0.12,0.04,0.98,5.62,-72.94,-11.29
J,0.12,0.14,1.00,12.51,-71.11,-9.70
J,0.14,0.02,0.99,7.87,-72.02,-14.65
J,0.23,-0.07,1.16,0.43,-67.20,-6.71
J,0.24,-0.07,1.18,6.04,-55.79,1.46
J,0.21,-0.03,1.27,8.61,-44.86,2.38
J,0.24,-0.10,1.22,8.12,-31.68,3.97
J,0.26,-0.21,1.21,3.97,-26.43,8.97
J,0.25,-0.19,1.25,12.82,-21.55,26.37
J,0.27,-0.08,1.24,7.87,-9.22,34.48
J,0.25,-0.05,1.09,5.37,0.12,38.33
J,0.26,-0.19,1.02,5.19,4.15,41.38
J,0.28,-0.25,1.08,9.89,-1.83,51.45
J,0.28,-0.11,0.98,15.38,3.85,70.07
J,0.26,0.08,0.95,5.19,4.15,83.07
J,0.27,0.30,0.75,1.10,2.75,87.71
J,0.36,0.48,0.99,30.52,3.91,59.75
J,0.37,0.84,1.07,13.49,12.76,43.82
J,0.42,1.01,1.24,-1.28,20.81,12.33
J,0.52,1.12,1.60,4.03,58.23,-62.93
J,0.46,0.60,1.55,2.56,103.94,-112.55
J,-0.10,-0.12,0.74,-8.30,142.09,-106.99
J,-0.20,-0.10,1.09,-10.93,84.47,-53.89
J,-0.14,-0.00,0.92,-11.96,89.60,-36.80
J,-0.19,-0.21,0.93,10.80,44.92,-45.72
J,-0.23,-0.34,0.70,-2.69,36.80,-0.61
J,-0.02,0.18,1.00,0.49,17.33,19.53
J,-0.05,-0.17,0.79,14.40,32.59,-21.97
J,-0.08,-0.27,0.73,24.48,30.64,-12.70
J,-0.03,-0.06,0.74,20.39,7.51,13.06
J,0.01,0.08,0.85,10.93,13.92,7.20
J,-0.03,0.01,0.77,16.48,19.04,1.77
J,-0.11,0.01,0.66,9.83,3.91,9.34
J,-0.11,0.16,0.86,13.79,-13.43,19.90
J,-0.11,0.23,0.83,12.88,-7.14,10.93
J,-0.12,0.10,0.91,9.83,-6.96,8.42
J,-0.13,0.19,0.91,6.53,-5.00,15.26
J,-0.15,0.24,0.88,6.59,0.43,9.03
J,-0.17,0.19,0.86,8.48,-7.45,3.36
J,-0.18,0.32,0.85,10.99,-11.17,10.13
J,-0.20,0.80,0.86,8.06,-17.64,7.02
J,-0.19,1.09,0.87,-1.71,-21.18,-28.32
J,-0.17,0.71,0.92,-23.01,-30.03,-102.78
J,-0.07,-0.07,0.91,-43.27,-21.00,-108.15
J,-0.04,-0.51,1.00,-47.97,-24.66,-90.82
J,-0.01,-0.70,1.10,-18.68,-7.14,-45.78
J,-0.03,-0.47,0.99,-1.89,-3.48,-6.90
J,-0.04,-0.26,1.09,8.42,-4.39,6.35
J,-0.07,-0.13,1.01,10.50,2.14,9.46
J,-0.11,-0.11,0.99,5.25,3.66,12.39
J,-0.14,0.06,0.91,8.85,-0.49,16.17
J,-0.15,0.15,0.86,11.96,-4.88,12.15
J,-0.16,0.16,0.81,4.33,-6.35,6.71
J,-0.13,0.14,0.79,2.44,-11.96,1.65
J,-0.06,0.14,0.74,6.90,-21.67,-3.36
J,-0.07,0.08,0.68,7.08,-24.54,-5.07
J,-0.06,0.04,0.64,6.35,-35.58,-2.87
J,-0.05,0.05,0.69,3.11,-45.59,1.40
J,-0.01,0.18,0.72,14.10,-62.01,1.53
J,-0.03,0.19,0.79,14.77,-67.14,-8.00
J,0.04,0.07,0.74,8.06,-72.45,-13.12
J,0.16,0.04,0.95,11.78,-80.69,-6.84
J,0.17,0.08,1.02,19.10,-80.63,-7.93
J,0.22,-0.01,1.03,11.05,-73.97,-10.13
J,0.26,-0.13,1.14,1.71,-74.40,6.84
J,0.28,-0.08,1.21,5.86,-68.79,14.89
J,0.28,-0.17,1.24,6.29,-52.92,23.68
J,0.28,-0.20,1.21,0.31,-45.90,34.73
J,0.33,-0.07,1.37,3.91,-43.64,46.81
J,0.34,0.07,1.32,2.20,-16.30,47.85
J,0.32,-0.09,1.30,6.65,-7.45,40.28
J,0.27,0.09,1.22,9.77,6.53,62.68
J,0.28,0.24,1.42,10.25,20.81,62.74
J,0.25,0.24,1.35,7.39,50.11,51.45
J,0.17,0.38,0.91,15.99,53.10,40.34
J,0.20,0.45,1.12,21.73,33.87,23.25
J,0.20,0.50,1.04,7.69,42.48,13.79
J,0.21,0.30,0.87,10.80,49.50,-2.08
J,0.19,0.16,0.53,7.14,45.84,-6.71
J,0.17,0.16,0.55,10.19,18.68,-0.12
J,0.16,0.10,0.58,7.75,5.49,-4.27
J,0.16,0.08,0.59,3.85,-0.73,-2.99
J,0.19,0.14,0.60,10.25,-16.42,-3.97
J,0.22,0.22,1.12,13.43,-19.59,-3.23
J,0.27,0.37,1.32,13.06,3.48,-11.78
J,0.35,0.47,1.91,22.71,45.41,-42.85
J,0.21,0.31,1.77,30.21,108.34,-66.53
J,-0.22,0.05,1.29,19.65,180.24,-76.54
J,-0.37,0.02,1.07,-13.55,164.79,-68.18
J,-0.36,-0.01,0.68,-5.92,157.29,-57.31
J,-0.41,0.01,0.62,5.31,84.47,-18.07
J,-0.41,0.00,0.53,-13.12,43.27,-2.44
J,-0.33,0.00,0.61,-1.83,18.43,3.48
J,-0.26,0.01,0.54,2.69,0.12,5.92
J,-0.31,-0.03,0.50,9.03,-15.08,8.30
J,-0.17,-0.00,0.65,15.62,-48.77,23.62
J,-0.11,0.19,0.72,8.42,-47.18,31.68
J,-0.11,0.33,0.86,2.38,-50.66,32.90
J,-0.14,0.91,0.68,-3.78,-36.68,11.60
J,-0.20,0.66,0.85,-13.43,-51.09,-58.29
J,-0.20,0.39,0.89,-17.40,-50.17,-75.68
J,-0.17,0.33,0.85,-21.06,-45.17,-80.20
J,-0.09,0.07,1.10,-19.04,-45.84,-91.86
J,-0.05,-0.35,1.03,-21.73,-24.60,-74.71
J,0.00,-0.54,1.15,-11.84,-14.65,-34.12
J,-0.04,-0.37,1.00,-5.49,-2.14,-3.60
J,-0.07,-0.19,1.13,3.78,-4.03,5.80
J,-0.11,-0.12,0.96,4.70,11.96,14.59
J,-0.14,-0.03,0.89,7.32,9.40,20.45
J,-0.16,0.17,0.80,10.19,-8.85,18.07
J,-0.14,0.15,0.84,10.07,-14.53,8.97
J,-0.12,0.15,0.71,3.54,-17.40,6.77
J,-0.11,0.13,0.64,3.42,-27.10,3.97
J,-0.09,0.14,0.72,6.10,-38.88,1.46
J,-0.06,0.11,0.71,5.25,-51.57,-0.79
J,-0.05,0.09,0.73,2.26,-54.14,-0.49
J,-0.00,0.10,0.84,1.16,-58.41,1.95
J,0.06,0.11,0.89,1.83,-71.17,-2.01
J,0.10,0.09,0.96,5.25,-70.68,-4.27
J,0.08,0.02,0.98,3.30,-70.68,-1.89
J,0.13,0.06,1.06,1.10,-74.71,-0.98
J,0.15,0.06,1.01,2.01,-66.89,-3.30
J,0.19,-0.08,1.13,7.87,-65.49,-8.54
J,0.23,-0.22,1.11,6.96,-58.90,-2.81
J,0.20,-0.13,1.22,10.07,-53.65,20.75
J,0.24,0.02,1.35,15.81,-43.82,22.03
J,0.25,-0.07,1.22,10.93,-24.96,21.97
J,0.29,-0.10,1.27,8.67,-17.33,33.45
J,0.28,0.06,1.24,10.31,-6.59,40.65
J,0.28,0.01,1.18,16.30,2.08,37.17
J,0.27,0.05,1.11,21.48,12.27,43.58
J,0.25,0.20,1.10,24.84,14.59,48.89
J,0.23,0.31,1.17,23.74,26.18,37.72
J,0.22,0.26,1.05,20.39,46.08,31.86
J,0.18,0.46,0.91,26.79,34.79,30.82
J,0.19,0.38,1.04,18.62,31.43,13.55
J,0.19,0.32,1.10,15.87,37.11,3.36
J,0.19,0.27,1.04,11.66,51.09,-0.73
J,0.14,0.35,0.81,15.01,30.46,-5.07
J,0.15,0.20,0.83,5.62,29.24,-12.57
J,0.14,0.18,0.72,4.94,16.72,-6.47
J,0.15,0.14,0.61,6.41,10.19,-8.54
J,0.17,0.08,0.57,7.51,4.58,-8.91
J,0.18,0.12,0.77,8.97,-14.95,-0.37
J,0.17,0.30,0.94,3.78,-10.74,0.98
J,0.22,0.38,1.21,3.36,0.67,-13.85
J,0.18,0.39,1.44,0.24,42.79,-45.84
J,0.04,0.25,1.33,7.39,71.59,-57.92
J,-0.11,0.41,1.27,2.56,83.19,-59.39
J,-0.25,0.14,1.13,-18.98,96.19,-84.17
J,-0.29,0.03,0.87,-18.74,99.61,-71.78
J,-0.35,-0.06,0.66,-12.21,43.21,-45.96
J,-0.29,-0.15,0.85,-11.54,5.55,-18.49
J,-0.26,0.01,0.83,-13.37,8.91,6.59
J,-0.20,0.07,0.68,3.48,1.22,2.01
J,-0.21,0.01,0.81,13.67,-10.68,-3.60
J,-0.18,-0.01,0.76,3.23,-8.18,6.23
J,-0.09,-0.00,0.91,11.96,-29.48,11.47
J,-0.09,0.09,0.90,10.68,-21.42,17.70
J,-0.08,0.17,0.91,0.67,-25.33,13.67
J,-0.11,0.14,0.81,-13.24,-19.53,9.89
J,-0.11,0.10,0.93,4.64,-25.51,9.03
J,-0.11,0.32,0.85,11.54,-19.78,21.00
J,-0.09,0.48,0.95,6.65,-25.63,10.13
J,-0.14,0.35,0.91,7.57,-21.12,-19.53
J,-0.13,0.45,0.96,-6.04,-19.84,-26.67
J,-0.11,0.38,0.94,-14.28,-15.62,-40.71
J,-0.11,0.16,0.91,-12.39,-13.31,-59.69
J,-0.08,0.07,1.01,-14.04,-14.71,-52.61
J,-0.06,-0.00,1.01,-12.76,-12.70,-50.72
J,-0.02,-0.24,1.03,-9.09,-2.75,-43.88
J,-0.03,-0.23,0.98,-8.18,1.16,-26.37
J,-0.05,-0.15,1.00,-4.64,0.24,-12.27
J,-0.06,-0.16,1.01,1.71,1.28,-7.93
J,-0.09,-0.12,0.95,2.81,2.50,0.24
J,-0.09,-0.00,0.93,2.32,-2.62,8.24
J,-0.09,0.02,0.95,4.76,-0.49,8.48
J,-0.10,0.11,0.83,9.89,-0.92,10.80
J,-0.11,0.20,0.80,6.41,-13.55,4.09
J,-0.08,0.16,0.71,6.35,-17.52,-2.38
J,-0.03,-0.02,0.77,10.01,-29.72,-4.88
J,-0.03,0.13,0.64,7.02,-34.79,10.25
J,-0.01,0.13,0.75,7.75,-48.77,4.46
J,0.04,0.07,0.72,10.86,-56.34,-5.07
J,0.03,0.02,0.77,12.51,-64.64,-0.49
J,0.05,0.23,0.88,8.97,-74.22,10.01
J,0.12,0.19,0.97,1.28,-74.71,-3.42
J,0.19,0.13,1.07,7.51,-75.07,-11.78
J,0.21,-0.12,1.07,8.73,-68.18,-11.29
J,0.23,-0.24,1.13,1.89,-65.86,0.24
J,0.27,-0.22,1.24,4.46,-57.98,24.23
J,0.25,-0.08,1.27,12.08,-46.81,40.28
J,0.27,-0.10,1.34,15.26,-37.41,43.70
J,0.26,-0.03,1.28,18.49,-18.80,55.54
J,0.26,0.10,1.21,18.80,-6.71,60.91
J,0.27,0.18,1.29,19.96,-3.05,59.94
J,0.26,0.11,1.31,17.82,16.97,57.74
J,0.27,0.25,1.31,13.55,36.32,65.98
J,0.28,0.49,1.12,2.93,59.33,53.41
J,0.19,0.46,0.70,14.04,56.52,17.58
J,0.19,0.20,1.00,17.52,28.63,2.62
J,0.18,0.34,0.62,3.72,29.54,22.03
J,0.16,0.37,0.56,3.23,7.14,3.05
J,0.19,0.20,0.67,9.09,-7.51,-12.76
J,0.22,0.06,0.57,2.75,-9.22,-8.00
J,0.22,0.08,0.61,4.39,-17.40,-2.20
J,0.23,0.25,0.79,8.79,-27.59,1.04
J,0.23,0.23,1.05,-7.45,-23.99,-8.54
J,0.25,0.26,1.25,-10.68,-10.19,-17.70
J,0.25,0.43,1.65,-20.26,25.76,-33.51
J,0.14,0.31,1.49,-27.22,83.86,-66.28
J,0.05,0.01,1.39,-23.80,105.90,-77.51
J,-0.07,-0.03,1.16,-8.54,136.17,-41.02
J,-0.12,-0.09,0.84,5.07,125.61,-34.97
J,-0.20,-0.03,0.62,6.59,65.25,-9.40
J,-0.18,-0.01,0.90,13.18,29.85,-3.97
J,-0.18,-0.03,0.91,18.68,31.43,-0.61
J,-0.21,0.02,0.73,24.17,29.60,3.97
J,-0.13,-0.00,0.85,24.90,14.77,-8.85
J,-0.14,0.12,0.84,9.70,12.39,5.25
J,-0.12,0.08,0.86,12.82,9.64,-6.59
J,-0.12,0.04,0.86,12.51,12.94,-5.37
J,-0.13,0.17,0.88,8.85,15.75,8.24
J,-0.15,0.39,0.82,12.57,12.94,2.26
J,-0.22,0.63,0.89,8.85,3.78,-9.70
J,-0.22,0.62,0.51,15.93,-12.21,-47.79
J,-0.23,0.67,0.78,-1.16,-25.21,-59.08
J,-0.17,0.43,0.68,-15.81,-29.79,-77.70
J,-0.12,0.09,0.89,-7.63,-38.02,-89.66
J,-0.09,-0.20,1.01,-13.24,-30.09,-89.90
J,-0.07,-0.43,0.97,-12.02,-21.06,-54.08
J,-0.09,-0.21,1.12,-6.71,-17.27,-22.22
J,-0.09,-0.17,1.03,-8.12,-8.12,-18.68
J,-0.09,-0.26,1.07,-2.81,2.01,-13.67
J,-0.10,-0.13,0.92,1.53,1.46,9.58
J,-0.11,0.08,0.95,4.21,-3.66,17.76
J,-0.12,0.11,0.73,5.98,-2.81,3.30
J,-0.13,0.13,0.74,9.58,-10.44,-1.28
J,-0.14,0.12,0.66,12.63,-26.00,-3.36
J,-0.10,0.14,0.59,14.47,-48.71,-0.98
J,-0.08,0.13,0.77,16.85,-69.82,-8.61
J,-0.10,0.05,0.97,12.51,-59.39,-8.61
J,-0.03,0.08,0.90,2.26,-57.74,2.99
J,0.03,0.04,1.00,1.34,-65.43,1.65
J,0.09,-0.02,1.07,0.49,-60.18,-0.12
J,0.11,-0.14,1.08,4.27,-56.27,1.95
J,0.14,-0.15,1.06,6.77,-55.73,21.42
J,0.11,-0.22,1.02,11.11,-49.44,33.63
J,0.09,-0.22,1.11,14.89,-44.86,48.95
J,0.07,-0.08,1.17,11.41,-30.58,65.55
J,0.13,0.00,1.11,8.12,-19.53,73.73
J,0.10,0.07,1.26,12.21,-8.12,70.98
J,0.19,0.40,0.95,17.33,40.83,90.15
J,0.08,0.31,1.13,12.82,6.65,51.39
J,0.11,0.29,1.11,5.31,10.93,64.33
J,0.17,0.42,1.05,40.04,27.95,67.93
J,0.18,0.62,1.05,35.58,20.08,53.59
J,0.17,0.43,0.97,42.18,54.14,11.90
J,0.14,0.28,0.77,55.30,58.11,-10.25
J,0.10,0.26,0.89,57.19,25.02,-15.75
J,0.06,0.28,0.84,33.02,19.47,1.53
J,0.04,0.37,0.81,19.96,3.85,8.00
J,0.02,0.31,1.04,3.23,0.79,-17.46
J,0.00,0.29,0.94,-19.96,18.92,-20.20
J,-0.03,0.29,0.84,-23.56,12.88,-16.54
J,-0.03,0.26,1.21,-16.48,-8.36,-23.50
J,-0.05,0.13,1.09,-3.48,2.26,-21.48
J,-0.08,0.39,1.28,-2.93,0.98,-15.99
J,-0.10,0.38,1.24,-0.92,50.66,-45.35
J,-0.12,0.19,1.15,-0.73,48.83,-55.05
J,-0.10,0.33,1.27,-16.60,91.00,-50.60
J,-0.19,0.30,0.89,31.56,52.25,-39.31
J,-0.19,0.25,1.02,18.19,36.25,-41.02
J,-0.19,0.17,1.07,2.69,41.02,-34.73
J,-0.16,0.13,0.77,2.56,46.20,-31.37
J,-0.20,0.15,1.13,16.85,8.54,-18.80
J,-0.19,0.06,0.63,11.35,54.44,-10.13
J,-0.21,0.05,0.47,9.03,23.13,-2.75
J,-0.22,0.17,0.68,-6.23,-21.42,3.11
J,-0.23,0.16,0.82,6.53,-1.89,4.33
J,-0.21,0.21,0.73,-3.11,4.33,7.69
J,-0.20,0.39,0.72,-21.36,-2.26,5.68
J,-0.21,0.65,0.68,-18.62,-9.77,-3.60
J,-0.24,0.49,0.69,-9.40,-27.77,-27.47
J,-0.29,0.57,0.66,-10.19,-24.48,-36.87
J,-0.25,0.45,0.63,-2.69,-33.69,-56.88
J,-0.18,-0.00,0.94,1.34,-52.55,-72.63
J,-0.14,-0.36,1.07,-9.46,-39.73,-50.66
J,-0.13,-0.30,1.00,-11.47,-26.06,-26.18
J,-0.14,-0.22,1.01,-5.55,-16.17,-14.04
J,-0.15,-0.15,1.08,3.66,-16.11,-5.86
J,-0.16,-0.13,1.06,1.46,-11.72,4.15
J,-0.19,0.04,1.02,1.95,-4.70,13.43
J,-0.20,0.20,0.89,-5.19,-3.60,11.84
J,-0.22,0.26,1.01,-8.42,-12.70,-0.79
J,-0.20,0.26,0.98,2.08,-9.70,-5.43
J,-0.18,0.18,0.84,2.01,-6.04,-9.95
J,-0.12,0.20,0.77,-2.93,-20.81,-6.47
J,-0.14,0.16,0.80,-2.87,-24.96,-9.09
J,-0.11,0.08,0.66,0.55,-22.58,-18.86
J,-0.06,0.06,0.58,0.98,-43.27,-7.51
J,0.00,0.13,0.69,-9.52,-64.39,-5.37
J,0.00,-0.05,0.75,-8.12,-63.90,-11.96
J,-0.00,0.03,0.82,5.00,-59.14,-4.21
J,-0.00,0.11,0.86,12.70,-72.08,-2.93
J,0.07,0.15,1.03,1.95,-78.31,-5.43
J,0.09,0.03,0.99,1.28,-72.14,-13.61
J,0.08,-0.05,1.04,5.43,-64.03,-8.97
J,0.18,-0.17,1.05,4.46,-62.50,-3.85
J,0.19,-0.23,1.13,4.64,-60.61,3.48
J,0.15,-0.18,1.08,5.62,-47.67,15.01
J,0.19,-0.32,1.03,9.16,-44.31,18.55
J,0.27,-0.11,1.20,15.01,-46.02,44.25
J,0.26,0.03,1.21,20.26,-33.33,47.36
J,0.23,-0.06,1.25,12.76,-25.76,45.04
J,0.26,0.20,1.38,7.63,-7.57,54.32
J,0.27,0.05,0.99,13.43,17.70,46.02
J,0.28,-0.09,1.28,12.21,-0.24,55.48
J,0.34,0.20,1.22,1.59,18.80,87.59
J,0.34,0.68,0.98,0.85,35.10,83.31
J,0.27,0.52,0.98,25.27,17.76,26.06
J,0.22,0.32,0.75,12.70,9.58,15.99
J,0.22,0.37,0.61,9.22,8.36,18.86
J,0.19,0.61,0.80,10.50,-12.15,4.03
J,0.20,0.35,0.94,-5.92,-9.58,-24.96
J,0.23,0.25,1.06,-10.19,-0.79,-31.68
J,0.28,0.28,1.46,-15.81,15.69,-42.72
J,0.25,0.22,1.65,-17.03,42.54,-51.15
J,0.16,-0.04,1.52,-25.39,79.16,-53.22
J,-0.02,-0.02,1.05,-5.19,104.19,-39.37
J,-0.07,-0.11,1.14,17.27,89.48,-34.91
J,-0.06,-0.15,0.88,16.66,98.02,-24.90
J,-0.12,-0.06,0.84,11.66,83.31,-6.53
J,-0.14,-0.00,0.82,14.53,76.90,0.37
J,-0.10,0.10,0.65,19.35,55.79,2.81
J,-0.13,0.03,0.69,20.39,33.45,-1.04
J,-0.12,0.07,0.79,18.49,23.44,1.04
J,-0.10,0.12,0.77,17.03,17.40,2.69
J,-0.12,0.17,0.80,15.93,13.67,3.60
J,-0.14,0.36,0.73,22.95,10.19,8.18
J,-0.14,0.80,0.60,10.01,-5.68,-7.63
J,-0.21,0.89,0.64,7.14,-31.31,-38.27
J,-0.14,0.44,0.65,12.51,-46.33,-87.40
J,-0.13,0.34,0.76,0.61,-57.86,-84.29
J,-0.06,0.09,1.05,-17.09,-57.92,-91.74
J,0.01,-0.39,1.03,-16.24,-32.17,-86.73
J,0.00,-0.60,1.15,-15.50,-22.40,-61.46
J,-0.05,-0.47,1.19,-16.91,3.60,-14.77
J,-0.09,-0.15,0.95,-4.27,10.07,2.01
J,-0.12,-0.19,1.11,2.20,4.09,-0.06
J,-0.19,-0.07,1.10,5.00,16.36,16.05
J,-0.21,0.05,1.05,8.24,25.88,20.02
J,-0.22,0.20,0.87,10.74,29.48,14.28
J,-0.23,0.26,1.04,9.46,15.14,-1.04
J,-0.25,0.15,1.04,10.80,24.60,-10.93
J,-0.23,0.18,0.95,8.30,41.75,-10.44
J,-0.24,0.22,0.85,7.02,38.82,-11.23
J,-0.25,0.19,0.92,12.21,31.86,-22.77
J,-0.25,0.15,0.80,5.49,38.27,-21.79
J,-0.24,0.08,0.80,13.18,20.87,-19.59
J,-0.22,0.12,0.69,10.44,12.63,-18.43
J,-0.23,0.04,0.67,10.13,-6.10,-16.11
J,-0.23,0.07,0.47,13.37,-16.42,-11.96
J,-0.21,0.12,0.44,20.69,-50.35,-10.62
J,-0.19,0.08,0.59,23.13,-76.97,-17.82
J,-0.18,-0.06,0.76,21.61,-96.98,-11.41
J,-0.09,0.05,0.72,3.66,-89.23,5.98
J,-0.03,0.05,0.77,5.13,-104.37,2.20
J,-0.03,0.02,0.90,-1.83,-108.64,-2.20
J,0.02,0.03,1.09,-1.83,-95.46,11.05
J,0.13,0.09,0.93,-3.66,-86.06,13.06
J,0.11,-0.10,1.24,1.65,-122.56,4.70
J,0.13,-0.09,1.23,-7.02,-99.79,13.55
J,0.18,-0.09,1.36,-0.06,-70.74,28.02
J,0.22,-0.02,1.31,6.23,-55.60,40.04
J,0.21,-0.08,1.39,12.57,-43.15,39.12
J,0.22,0.16,1.42,9.22,-17.88,58.47
J,0.24,0.03,1.40,5.37,5.43,55.60
J,0.25,-0.11,1.48,0.43,22.40,64.39
J,0.25,0.13,1.09,11.17,68.54,90.45
J,0.25,0.36,1.00,28.75,64.27,89.11
J,0.19,0.54,0.80,18.49,51.51,59.39
J,0.16,0.20,0.75,12.08,16.36,33.81
J,0.14,0.38,0.49,4.27,9.64,41.93
J,0.19,0.42,0.69,7.93,-23.38,16.97
J,0.20,0.29,0.69,-5.68,-14.53,-2.44
J,0.17,0.35,0.74,-7.81,-19.47,-4.15
J,0.17,0.51,1.17,-0.43,-27.40,-33.08
J,0.11,0.45,1.50,-3.30,-15.75,-60.85
J,0.09,0.23,1.59,-12.76,53.89,-70.25
J,0.06,0.02,1.25,-8.61,106.20,-63.66
J,0.01,-0.13,0.99,-4.39,92.29,-53.89
J,-0.09,-0.03,1.08,-13.18,46.39,-23.38
J,-0.09,-0.16,0.92,-12.33,49.87,-18.37
J,-0.05,-0.10,0.90,-1.95,47.55,-4.64
J,-0.08,-0.03,0.80,4.76,41.50,1.65
J,-0.07,0.07,0.76,6.04,31.80,4.76
J,-0.08,0.02,0.76,9.09,15.20,1.28
J,-0.07,-0.02,0.79,19.04,10.56,4.46
J,-0.09,0.04,0.78,19.17,5.49,13.00
J,-0.08,0.10,0.84,14.16,-5.25,18.49
J,-0.06,0.16,0.77,12.63,-5.98,13.73
J,-0.07,0.07,0.88,11.17,-14.16,2.81
J,-0.08,0.01,0.84,3.23,-6.29,13.79
J,-0.05,0.15,0.90,3.17,-12.45,25.33
J,-0.04,0.26,0.93,9.22,-7.51,21.61
J,-0.05,0.31,0.86,16.42,-5.07,17.82
J,-0.06,0.55,0.82,9.52,-6.84,19.78
J,-0.11,0.89,0.73,4.03,-22.89,-4.09
J,-0.10,0.83,0.63,1.16,-39.92,-65.19
J,-0.02,0.59,0.93,-5.43,-60.85,-94.73
J,0.08,-0.08,1.05,-26.61,-62.68,-109.19
J,0.11,-0.51,1.16,-35.89,-53.22,-89.42
J,0.11,-0.45,1.20,-22.58,-16.36,-37.84
J,0.08,-0.28,1.05,-11.54,2.62,-13.37
J,0.09,-0.19,1.13,-5.62,-4.09,-7.26
J,0.05,-0.16,1.06,0.06,3.72,-1.16
J,0.01,-0.07,1.01,0.85,5.80,5.13
J,0.01,-0.03,1.00,-3.30,6.23,7.75
J,-0.00,0.00,0.93,-5.92,7.63,12.02
J,-0.04,0.12,0.91,-1.65,3.66,15.01
J,0.01,0.19,0.85,8.54,3.30,7.57
J,0.03,0.14,0.77,11.78,-5.49,-0.43
J,0.02,0.18,0.74,15.20,-12.21,-0.43
J,0.02,0.24,0.63,17.76,-27.59,-6.59
J,0.02,0.20,0.79,22.16,-40.89,-16.48
J,0.06,0.07,0.77,25.39,-41.63,-17.21
J,0.06,0.03,0.73,18.74,-50.54,-5.25
J,0.10,0.05,0.93,16.36,-63.17,-6.10
J,0.14,0.07,0.98,7.63,-50.42,-5.25
J,0.12,-0.01,0.96,0.85,-46.57,-4.09
J,0.17,-0.02,0.97,0.37,-51.03,0.37
J,0.23,-0.18,0.99,4.15,-55.60,3.23
J,0.21,-0.26,1.12,7.45,-57.80,11.54
J,0.21,-0.03,1.12,5.13,-47.85,37.54
J,0.24,-0.06,1.18,18.13,-41.50,29.97
J,0.26,-0.15,1.24,20.26,-33.81,33.39
J,0.21,0.18,1.32,14.22,-20.69,63.96
J,0.20,0.33,1.30,14.28,-5.98,56.46
J,0.23,0.27,1.39,13.06,9.40,36.19
J,0.26,0.17,1.37,1.59,53.77,37.41
J,0.23,0.30,1.04,-4.03,74.77,48.71
J,0.18,0.39,0.78,0.55,41.02,45.17
J,0.21,0.30,0.79,5.07,13.79,32.23
J,0.27,0.34,0.55,-0.06,7.39,31.25
J,0.41,0.43,0.74,4.39,-3.91,18.92
J,0.43,0.47,0.76,12.70,-10.07,1.59
J,0.38,0.57,1.04,-2.75,-18.55,-12.02
J,0.29,0.45,1.36,-11.72,-11.54,-49.50
J,0.17,0.14,1.49,-17.70,14.10,-68.60
J,0.04,-0.08,1.27,-23.86,65.25,-55.11
J,-0.02,0.02,1.29,-12.51,87.46,-28.87
J,0.01,0.01,1.02,-7.02,98.02,-29.17
J,-0.15,-0.05,0.97,2.75,69.46,-24.11
J,-0.12,-0.16,0.87,-2.08,70.86,-18.37
J,-0.12,-0.09,0.61,-3.48,56.64,5.80
J,-0.10,-0.04,0.73,8.06,24.96,3.97
J,-0.04,-0.16,0.75,19.17,24.66,2.87
J,-0.02,-0.02,0.68,20.75,21.85,19.84
J,-0.00,0.07,0.77,8.18,-0.85,28.75
J,-0.01,0.18,0.79,8.79,-8.12,28.56
J,-0.00,0.24,0.89,11.47,-11.17,21.85
J,-0.01,0.38,0.94,10.44,-5.55,19.23
J,-0.03,0.60,0.95,9.40,-3.97,5.13
J,-0.10,0.68,0.67,-1.28,-3.54,-26.00
J,-0.13,0.67,0.70,2.01,-29.11,-48.46
J,-0.08,0.29,0.93,-11.84,-43.95,-81.48
J,-0.03,-0.04,0.96,-22.95,-36.25,-70.50
J,-0.00,-0.13,1.00,-18.68,-31.01,-59.51
J,0.02,-0.33,1.08,-11.60,-25.94,-49.38
J,0.05,-0.45,1.17,-6.59,-17.27,-34.30
J,0.02,-0.27,1.11,-3.23,3.66,-1.46
J,-0.00,-0.09,1.02,4.70,3.97,6.04
J,-0.01,-0.01,1.03,6.84,1.28,6.35
J,-0.02,0.01,1.03,5.86,3.72,7.45
J,-0.02,0.12,0.94,6.04,10.01,10.50
J,-0.03,0.12,0.76,10.01,8.00,3.85
J,-0.03,0.16,0.76,16.78,-6.96,3.17
J,-0.02,0.20,0.75,16.11,-12.21,2.87
J,-0.01,0.20,0.60,15.44,-16.54,-6.41
J,-0.01,0.09,0.74,16.36,-39.43,-13.00
J,-0.01,0.13,0.72,9.46,-44.56,-5.74
J,0.05,0.13,0.86,13.85,-54.38,-12.63
J,0.01,0.11,0.78,10.50,-52.37,-10.99
J,0.10,0.03,0.90,-1.16,-74.34,-14.59
J,0.19,-0.26,1.06,-3.36,-74.04,-14.59
J,0.17,-0.26,1.04,-2.14,-61.10,-0.92
J,0.13,-0.08,0.90,-4.46,-56.88,16.66
J,0.16,-0.08,1.12,8.12,-66.35,16.60
J,0.13,-0.14,1.12,6.53,-57.13,17.94
J,0.12,-0.07,1.21,-1.59,-37.17,38.64
J,0.25,0.07,1.34,-1.46,-27.53,41.02
J,0.26,0.03,1.46,19.71,-5.07,33.94
J,0.27,0.02,1.45,15.44,23.68,59.20
J,0.31,0.24,1.37,18.19,34.61,76.97
J,0.28,0.50,1.27,23.13,36.19,58.35
J,0.23,0.28,1.07,9.34,51.21,25.21
J,0.24,0.24,0.84,-2.26,50.54,33.14
J,0.22,0.39,0.84,2.38,24.41,33.26
J,0.22,0.32,0.71,7.45,24.41,15.81
J,0.23,0.10,0.68,3.85,12.57,0.92
J,0.26,0.22,0.69,-1.53,2.93,11.90
J,0.23,0.28,0.69,9.46,-0.49,4.58
J,0.17,0.17,0.69,11.29,-11.78,-2.01
J,0.17,0.11,0.86,2.69,-19.04,-0.12
J,0.20,0.19,0.87,0.67,-16.36,1.83
J,0.26,0.30,1.07,4.94,-29.11,-5.37
J,0.33,0.29,1.29,4.09,-29.11,-16.30
J,0.38,0.30,1.49,4.70,-11.17,-37.17
J,0.27,0.29,1.50,-15.44,29.17,-49.32
J,0.17,0.19,1.37,-23.56,53.28,-59.14
J,0.10,0.24,1.28,-23.68,76.23,-49.68
J,-0.04,0.03,1.04,1.46,84.78,-70.74
J,-0.12,-0.07,0.90,-8.36,86.43,-58.23
J,-0.19,-0.04,0.77,-18.37,71.17,-38.27
J,-0.20,-0.04,0.83,-2.50,55.60,-33.57
J,-0.14,-0.05,0.79,-3.36,50.23,-22.77
J,-0.15,-0.18,0.62,-3.48,43.76,-14.22
J,-0.15,-0.21,0.64,-0.85,26.67,-2.56
J,-0.15,-0.17,0.63,9.46,10.99,15.14
J,-0.11,0.06,0.77,15.32,-3.11,25.09
J,-0.07,0.11,0.81,12.88,-5.37,22.03
J,-0.11,0.32,0.80,21.97,-16.17,32.71
J,-0.09,1.04,0.80,18.01,-23.07,30.03
J,-0.14,0.97,0.98,0.92,-40.89,-50.35
J,-0.11,0.25,0.84,-16.72,-36.93,-90.09
J,-0.05,-0.09,0.87,-24.78,-34.73,-83.31
J,0.02,-0.42,1.01,-30.03,-37.41,-58.90
J,0.03,-0.55,1.09,-11.84,-8.54,-32.90
J,0.00,-0.48,1.07,-6.16,1.22,-9.52
J,-0.02,-0.24,0.99,1.10,3.91,14.77
J,-0.03,-0.18,1.08,8.91,0.37,15.75
J,-0.09,-0.06,1.05,6.65,8.54,25.51
J,-0.14,0.22,0.97,6.71,8.61,30.03
J,-0.15,0.27,0.93,9.22,7.14,16.24
J,-0.13,0.09,0.87,14.53,3.30,-2.14
J,-0.13,0.11,0.81,15.75,-0.55,4.03
J,-0.08,0.20,0.83,16.17,-10.44,2.50
J,-0.04,0.06,0.74,15.69,-14.95,-5.31
J,-0.04,0.10,0.70,20.87,-24.72,-1.16
J,-0.06,0.09,0.77,18.68,-33.94,0.67
J,-0.03,0.07,0.74,7.75,-39.79,2.20
J,-0.00,0.06,0.76,9.95,-46.75,0.43
J,0.03,0.09,0.81,8.48,-58.23,2.08
J,0.03,0.10,0.83,2.99,-68.48,3.23
J,0.06,0.11,0.93,5.13,-69.64,-3.05
J,0.08,0.08,0.95,0.61,-63.05,-4.82
J,0.10,0.02,0.96,-2.44,-64.39,-4.82
J,0.15,-0.00,1.02,-1.28,-68.05,-4.27
J,0.18,-0.09,1.01,3.11,-57.25,-2.93
J,0.20,-0.08,1.08,-1.89,-60.06,9.28
J,0.28,-0.07,1.24,0.79,-60.79,10.68
J,0.29,-0.20,1.19,7.69,-47.73,11.35
J,0.31,-0.19,1.28,1.22,-40.47,31.74
J,0.32,-0.06,1.32,-7.93,-22.77,49.68
J,0.33,-0.04,1.43,-2.99,-4.82,53.41
J,0.31,0.17,1.28,-5.13,29.36,59.88
J,0.28,0.31,1.08,-8.00,33.14,54.57
J,0.26,0.42,1.08,2.26,28.81,36.13
J,0.27,0.27,1.07,19.78,12.57,18.07
J,0.29,0.22,0.93,6.16,25.02,23.38
J,0.23,0.31,0.60,8.18,26.79,15.38
J,0.21,0.24,0.74,15.38,-2.44,-2.56
J,0.19,0.12,0.69,4.64,-2.75,-3.78
J,0.22,0.12,0.84,-1.46,-6.59,2.38
J,0.24,0.17,0.84,-0.06,-2.56,-2.93
J,0.20,0.11,0.90,1.89,-15.26,-10.62
J,0.22,0.07,0.99,-6.41,-15.50,-11.11
J,0.27,0.01,1.11,-2.32,-11.41,-13.43
J,0.28,-0.00,1.17,1.34,-0.12,-5.62
J,0.35,0.17,1.47,5.55,22.09,-4.15
J,0.30,0.26,1.56,2.38,52.49,-15.69
J,0.16,0.03,1.66,9.95,96.98,-35.52
J,-0.03,0.09,1.31,5.25,133.00,-29.24
J,-0.15,0.08,1.12,24.05,116.76,-28.20
J,-0.21,0.30,1.00,13.98,104.13,-23.25
J,-0.10,0.16,0.94,10.56,97.60,-39.37
J,-0.22,-0.01,0.67,-5.74,69.09,-27.47
J,-0.18,-0.11,0.60,-12.02,41.99,-24.29
J,-0.18,-0.29,0.49,-3.17,24.29,-16.17
J,-0.16,0.01,0.66,16.91,-1.95,7.81
J,-0.12,0.08,0.63,21.55,-3.30,3.36
J,-0.12,-0.06,0.68,27.47,-17.27,7.75
J,-0.08,0.09,0.76,11.90,-25.21,21.06
J,-0.07,0.15,0.86,1.46,-29.17,25.51
J,-0.06,0.60,0.84,4.15,-27.22,24.11
J,-0.09,0.80,0.84,7.57,-37.84,-30.64
J,-0.10,0.52,1.01,-6.65,-43.21,-55.85
J,-0.12,0.42,0.72,-18.62,-27.16,-59.75
J,-0.04,0.16,0.98,-10.93,-40.71,-79.47
J,0.01,-0.39,1.00,-15.81,-25.57,-74.16
J,0.02,-0.40,1.12,-12.15,-15.69,-28.02
J,-0.00,-0.32,1.06,-7.81,-2.93,-15.50
J,-0.03,-0.32,1.06,2.56,-1.40,-5.80
J,-0.06,-0.16,1.04,3.91,2.08,12.57
J,-0.08,-0.02,1.00,4.82,6.65,21.06
J,-0.10,0.14,0.93,10.80,7.32,16.42
J,-0.10,0.18,0.86,10.25,4.82,9.77
J,-0.10,0.16,0.81,9.89,-1.04,3.85
J,-0.09,0.15,0.66,8.73,-9.09,-1.71
J,-0.07,0.13,0.68,6.96,-23.32,-4.27
J,-0.04,0.06,0.73,12.21,-37.66,0.37
J,-0.01,0.07,0.74,10.99,-39.00,2.93
J,-0.02,0.06,0.71,6.23,-46.75,4.76
J,0.02,0.12,0.81,6.29,-56.15,7.26
J,0.03,0.14,0.88,-0.43,-59.39,2.69
J,0.07,0.11,0.93,-6.84,-60.30,0.06
J,0.14,0.13,1.03,-0.73,-65.12,-2.44
J,0.16,0.11,1.11,-2.56,-62.32,-8.73
J,0.14,0.02,0.97,-3.42,-57.56,-5.92
J,0.16,-0.05,1.07,0.85,-65.98,-8.00
J,0.21,-0.10,1.07,4.33,-63.11,-0.73
J,0.25,-0.09,1.10,2.81,-56.82,3.36
J,0.24,-0.18,1.17,7.69,-58.78,4.88
J,0.25,-0.17,1.20,10.01,-43.46,14.04
J,0.30,-0.05,1.30,8.97,-29.66,26.31
J,0.32,-0.10,1.18,10.74,-14.77,26.86
J,0.30,-0.01,1.14,14.53,-11.47,40.59
J,0.28,0.11,1.15,12.70,-5.68,44.31
J,0.30,0.15,1.14,2.01,2.87,40.47
J,0.35,0.12,1.34,3.66,22.89,36.68
J,0.34,0.26,1.16,-4.52,52.98,41.56
J,0.24,0.46,0.66,4.03,35.46,27.04
J,0.23,0.16,0.90,8.24,15.62,0.06
J,0.23,0.17,0.73,5.19,16.05,10.93
J,0.23,0.28,0.59,10.62,-2.56,5.55
J,0.25,0.25,0.83,18.74,-18.01,-0.92
J,0.25,0.13,0.75,10.07,-10.62,-2.38
J,0.25,0.18,0.83,8.00,-9.70,0.43
J,0.28,0.21,0.91,5.37,-11.11,-8.12
J,0.36,0.07,1.19,-3.60,-9.03,-17.15
J,0.43,0.13,1.48,-8.73,2.26,-13.67
J,0.42,0.16,1.86,-3.54,56.64,-20.51
J,0.22,-0.07,1.63,24.41,128.54,-25.15
J,0.04,0.08,1.33,22.28,163.94,-6.71
J,-0.08,0.19,0.94,44.43,159.00,-29.91
J,-0.24,0.01,0.67,22.03,103.39,-31.19
J,-0.19,0.10,0.75,21.85,64.33,-14.04
J,-0.26,0.12,0.66,1.95,52.80,-18.43
J,-0.33,0.12,0.51,-8.00,35.89,-20.94
J,-0.22,0.03,0.58,-7.26,5.74,-33.02
J,-0.20,0.06,0.80,2.20,-13.31,-18.25
J,-0.16,0.03,0.75,10.44,-3.91,-15.32
J,-0.10,0.01,0.65,20.81,0.12,-9.52
J,-0.10,0.10,0.85,21.12,-25.33,0.24
J,-0.08,0.13,0.91,11.29,-21.85,2.69
J,-0.09,0.03,0.82,4.39,-7.39,0.73
J,-0.12,0.14,0.67,3.72,-14.53,11.29
J,-0.09,0.40,0.90,-0.61,-31.62,8.06
J,-0.12,0.55,0.85,1.89,-16.60,-8.79
J,-0.18,0.59,0.69,-3.78,-21.00,-25.09
J,-0.14,0.38,0.89,-9.28,-45.53,-50.96
J,-0.07,0.09,0.94,-15.38,-40.65,-58.11
J,-0.03,-0.06,1.01,-18.55,-38.02,-52.25
J,-0.01,-0.09,1.06,-13.43,-31.01,-35.28
J,0.00,-0.08,1.10,-7.63,-23.68,-30.15
J,0.00,-0.14,1.09,-2.38,-20.69,-23.56
J,-0.00,-0.10,1.13,0.00,-19.59,-12.15
J,-0.02,-0.03,1.12,-2.81,-7.08,-5.86
J,-0.05,-0.08,1.03,-1.34,5.25,-4.58
J,-0.06,0.02,0.92,-1.71,3.91,3.66
J,-0.05,0.09,1.02,4.82,-4.52,3.23
J,-0.05,0.04,0.99,2.01,-0.98,-0.12
J,-0.05,0.02,1.01,0.73,2.69,4.52
J,-0.07,0.14,0.88,1.40,6.16,6.53
J,-0.07,0.17,0.89,1.89,0.79,1.04
J,-0.06,0.13,0.84,2.20,-1.77,-1.71
J,-0.02,0.09,0.73,7.20,-9.40,-5.00
J,-0.01,0.11,0.72,11.35,-17.52,-2.14
J,-0.00,0.06,0.73,9.77,-22.95,-2.20
J,0.00,0.02,0.67,9.64,-32.65,3.23
J,0.03,0.03,0.72,18.74,-41.56,6.04
J,0.01,0.07,0.76,9.58,-48.95,9.89
J,0.04,0.15,0.79,1.89,-53.22,11.17
J,0.12,0.11,0.80,5.31,-58.11,1.10
J,0.11,0.07,0.95,9.52,-64.27,3.72
J,0.11,0.23,0.92,-2.56,-63.17,10.74
J,0.20,0.16,1.07,-0.55,-67.08,-5.68
J,0.21,-0.07,1.07,-1.59,-64.39,-7.87
J,0.26,-0.16,1.17,-6.77,-67.99,-1.53
J,0.28,-0.29,1.32,5.68,-58.78,13.55
J,0.28,-0.10,1.37,9.95,-43.03,31.19
J,0.25,-0.01,1.34,1.83,-25.21,34.36
J,0.33,-0.07,1.42,7.87,-7.51,31.49
J,0.34,-0.03,1.43,-4.39,10.31,43.27
J,0.28,0.18,1.22,6.84,31.56,63.54
J,0.28,0.55,1.00,5.49,33.94,47.55
J,0.26,0.44,1.10,13.92,24.11,17.70
J,0.24,0.27,0.92,2.08,34.67,9.58
J,0.25,0.28,0.85,-0.55,32.47,14.95
J,0.26,0.24,0.70,-3.42,29.66,4.21
J,0.22,0.18,0.58,3.85,11.35,0.85
J,0.21,0.19,0.69,3.85,0.55,-1.46
J,0.18,0.16,0.72,-0.31,-9.77,-2.87
J,0.18,0.15,0.86,-1.83,-11.29,-9.09
J,0.21,0.13,1.00,-0.73,-11.90,-13.18
J,0.24,0.18,1.32,-10.13,-9.03,-18.74
J,0.25,0.05,1.77,-8.97,7.26,-26.61
J,0.14,0.08,1.51,-5.13,66.89,-33.20
J,0.03,-0.07,1.26,-0.92,82.21,-33.26
J,-0.03,-0.01,1.20,-3.30,80.69,-17.46
J,-0.03,0.22,1.18,-5.49,79.96,-9.58
J,-0.07,0.03,0.85,3.30,76.23,-28.87
J,-0.11,-0.02,0.77,2.26,58.29,-22.16
J,-0.15,-0.14,0.52,11.29,33.33,-10.68
J,-0.13,-0.06,0.64,15.14,8.06,-0.85
J,-0.07,-0.07,0.67,8.36,4.82,0.06
J,-0.11,-0.09,0.64,10.80,-3.48,5.49
J,-0.08,-0.12,0.69,25.51,-13.85,7.75
J,-0.02,0.09,0.76,10.38,-17.58,20.81
J,-0.02,0.03,0.81,-0.61,-25.09,21.48
J,-0.01,0.17,0.89,10.99,-19.04,27.22
J,0.03,0.71,1.01,14.22,-16.91,17.52
J,0.00,0.81,0.99,6.53,-12.39,-13.18
J,-0.07,0.65,0.94,-2.08,-9.09,-51.33
J,-0.08,0.40,0.90,-16.97,-17.03,-69.03
J,-0.05,0.22,0.94,-20.32,-19.47,-78.25
J,0.03,-0.10,0.96,-14.59,-19.23,-80.44
J,0.06,-0.32,0.99,-19.78,-17.33,-71.66
J,0.06,-0.51,1.03,-21.30,-9.09,-41.99
J,0.04,-0.38,1.00,-0.49,-3.11,-15.75
J,0.02,-0.31,1.04,4.33,-1.77,-3.72
J,-0.01,-0.14,0.99,4.39,6.10,7.63
J,-0.02,-0.05,0.96,4.70,0.85,7.93
J,-0.03,-0.02,0.97,8.12,-3.17,8.48
J,-0.06,0.12,0.91,7.39,0.12,10.44
J,-0.07,0.14,0.86,7.02,-2.56,5.13
J,-0.06,0.10,0.82,3.54,-7.39,-1.34
J,-0.00,0.07,0.84,12.39,-13.61,-3.54
J,-0.00,0.12,0.75,11.54,-14.83,-2.14
J,-0.02,0.07,0.79,7.20,-27.71,-4.94
J,0.02,0.03,0.83,12.63,-32.71,-3.66
J,0.03,0.07,0.87,15.50,-35.83,0.18
J,0.01,0.11,0.76,11.78,-38.21,-2.81
J,0.04,0.01,0.89,10.62,-49.56,-6.96
J,0.07,0.09,0.93,5.62,-47.24,4.52
J,0.09,0.10,0.94,0.85,-44.86,-4.21
J,0.11,0.07,0.90,1.16,-46.14,-4.52
J,0.18,-0.06,0.92,6.90,-49.44,-8.97
J,0.19,-0.05,0.92,7.02,-51.15,0.31
J,0.19,0.10,1.00,4.15,-50.23,8.48
J,0.25,-0.02,1.01,5.25,-46.88,0.92
J,0.25,-0.09,1.01,5.07,-45.47,4.15
J,0.25,-0.08,1.17,5.37,-47.97,14.16
J,0.28,-0.09,1.26,8.73,-38.02,15.32
J,0.30,-0.15,1.27,11.78,-27.04,18.86
J,0.31,-0.18,1.32,11.84,-18.13,28.08
J,0.30,-0.13,1.33,12.51,-5.37,40.47
J,0.29,0.11,1.27,10.86,8.00,47.55
J,0.26,0.11,1.23,23.25,23.80,44.92
J,0.25,0.15,1.26,20.81,32.90,44.98
J,0.23,0.36,1.07,14.59,49.44,45.72
J,0.20,0.41,0.98,16.36,45.78,27.77
J,0.20,0.32,0.95,16.54,39.86,17.15
J,0.18,0.42,0.89,9.28,31.56,17.76
J,0.16,0.43,0.81,5.55,30.82,6.47
J,0.19,0.21,0.81,-1.59,25.63,-6.10
J,0.21,0.13,0.62,6.23,19.71,-4.15
J,0.19,0.10,0.69,10.99,4.70,-4.03
J,0.14,0.11,0.71,3.78,-2.01,-2.50
J,0.13,0.09,0.76,-0.18,-5.19,-5.25
J,0.13,0.08,0.83,-0.06,-8.36,-4.33
J,0.11,0.18,0.86,2.20,-15.93,-0.92
J,0.12,0.12,0.99,-2.08,-20.94,-6.65
J,0.18,0.06,1.06,-3.17,-15.62,-9.64
J,0.21,0.09,1.16,-0.73,-9.64,-1.46
J,0.27,0.19,1.37,0.79,-3.11,1.46
J,0.30,0.40,1.76,0.92,35.22,-11.23
J,0.19,0.41,1.60,-2.50,79.28,-31.86
J,-0.10,0.26,1.24,-11.66,113.89,-47.55
J,-0.23,0.03,1.01,-7.57,102.84,-54.38
J,-0.23,-0.09,0.86,-1.22,85.57,-40.10
J,-0.24,0.03,0.87,-3.72,70.92,-20.63
J,-0.23,-0.11,0.52,3.91,66.41,-24.48
J,-0.27,-0.13,0.51,11.05,35.58,-15.50
J,-0.21,-0.02,0.56,20.81,10.25,-1.10
J,-0.19,-0.03,0.57,22.16,-3.54,-1.04
J,-0.14,-0.06,0.68,24.54,-19.96,6.41
J,-0.05,-0.00,0.84,25.39,-17.64,14.71
J,-0.03,0.07,0.84,15.20,-20.94,25.51
J,-0.06,0.34,0.89,8.73,-23.07,33.45
J,-0.09,0.88,0.81,21.85,-21.55,16.05
J,-0.12,1.12,0.92,16.97,-33.94,-15.38
J,-0.11,0.83,0.86,-19.90,-25.39,-85.02
J,-0.06,0.31,0.79,-31.62,-29.91,-107.48
J,0.00,-0.34,0.94,-37.90,-39.43,-98.69
J,0.09,-0.56,1.09,-20.02,-27.59,-57.13
J,0.09,-0.57,1.18,-7.08,-14.34,-35.77
J,-0.00,-0.48,1.11,0.98,10.50,-4.70
J,-0.05,-0.14,0.96,6.77,20.08,20.94
J,-0.08,0.06,0.96,9.03,9.89,24.41
J,-0.11,0.09,0.99,8.54,5.49,11.11
J,-0.13,0.04,0.93,11.29,10.07,10.13
J,-0.20,0.30,0.77,12.21,2.50,11.66
J,-0.18,0.17,0.76,7.32,-7.08,-3.36
J,-0.14,0.11,0.80,5.62,-17.94,-5.74
J,-0.08,0.08,0.84,3.05,-19.53,-2.01
J,-0.09,0.12,0.78,6.35,-26.79,0.43
J,-0.08,0.08,0.76,5.74,-34.18,0.12
J,-0.06,0.15,0.81,9.22,-37.60,3.66
J,-0.05,0.17,0.87,8.42,-41.93,1.53
J,-0.01,0.09,0.82,0.73,-42.72,-1.16
J,0.05,0.02,0.89,5.62,-53.28,-3.72
J,0.02,0.10,0.92,4.15,-52.86,4.15
J,0.05,0.10,1.00,-3.97,-55.60,-1.28
J,0.10,0.01,0.94,-4.88,-54.20,-4.88
J,0.11,-0.07,1.01,3.91,-52.80,-2.44
J,0.12,0.03,1.02,0.37,-50.23,8.85
J,0.15,-0.01,0.96,1.59,-51.03,7.02
J,0.17,-0.04,1.00,9.52,-54.50,10.25
J,0.18,0.08,1.07,7.57,-57.86,18.86
J,0.21,0.10,1.09,5.37,-51.51,17.40
J,0.27,-0.07,1.12,10.99,-44.74,10.01
J,0.29,-0.12,1.09,11.96,-39.37,21.18
J,0.29,0.03,1.19,12.76,-31.56,33.45
J,0.29,0.04,1.14,15.08,-20.20,36.01
J,0.32,0.05,1.19,10.50,-15.08,37.78
J,0.34,0.19,1.15,9.28,-1.16,42.79
J,0.34,0.20,1.14,16.97,-3.91,31.68
J,0.34,0.06,1.24,11.47,4.46,24.78
J,0.35,0.26,1.30,6.47,35.46,48.22
J,0.34,0.31,1.27,12.51,52.43,38.15
J,0.27,0.32,0.98,18.19,53.96,24.90
J,0.22,0.31,0.97,8.06,47.55,19.04
J,0.21,0.25,0.87,8.06,41.50,13.31
J,0.18,0.30,0.82,11.90,30.40,8.91
J,0.15,0.25,0.77,5.37,23.80,2.20
J,0.18,0.21,0.62,-0.85,15.81,2.99
J,0.18,0.13,0.65,-3.97,-8.85,-3.85
J,0.19,0.10,0.71,-3.48,-12.63,-4.70
J,0.22,0.08,0.70,-2.99,-9.40,-1.46
J,0.22,0.13,0.74,5.74,-11.23,-5.31
J,0.21,0.16,0.76,4.46,-14.04,-5.55
J,0.24,0.28,1.13,-5.00,-17.15,-9.34
J,0.31,0.34,1.45,-2.87,-2.69,-19.96
J,0.27,0.26,1.70,14.65,47.67,-43.64
J,0.08,0.06,1.47,17.58,106.57,-47.61
J,-0.09,0.04,1.40,14.77,120.06,-38.45
J,-0.21,0.08,0.95,4.70,122.86,-46.69
J,-0.24,0.05,0.78,6.29,77.09,-28.08
J,-0.28,0.11,0.84,4.70,53.22,-22.95
J,-0.27,0.02,0.74,-0.31,44.13,-15.99
J,-0.24,-0.04,0.68,2.87,37.60,-16.54
J,-0.20,0.04,0.66,6.53,25.51,-3.54
J,-0.11,-0.03,0.68,18.62,2.32,-0.61
J,-0.09,0.07,0.71,14.47,-3.48,13.55
J,-0.07,0.29,0.66,13.18,-14.04,26.61
J,-0.07,0.74,0.81,19.17,-24.66,10.56
J,-0.17,0.86,0.59,15.93,-26.98,-11.05
J,-0.22,0.98,0.83,-15.87,-43.82,-48.16
J,-0.17,0.68,0.79,-32.29,-42.05,-79.90
J,-0.02,0.02,0.90,-31.62,-40.95,-99.91
J,0.08,-0.56,1.09,-27.04,-35.89,-80.02
J,0.09,-0.66,1.19,-15.01,-18.37,-49.74
J,0.02,-0.56,1.05,-8.36,5.43,-15.56
J,-0.01,-0.25,1.07,0.06,5.00,10.74
J,-0.04,-0.14,1.00,2.99,7.57,15.50
J,-0.10,-0.07,0.96,4.09,11.78,20.57
J,-0.12,0.12,0.86,6.16,11.35,27.53
J,-0.15,0.27,0.70,12.76,-5.86,15.87
J,-0.16,0.16,0.81,8.42,-17.09,2.75
J,-0.13,0.09,0.79,0.24,-21.00,1.59
J,-0.07,0.12,0.78,0.37,-25.94,8.67
J,-0.06,0.11,0.75,5.00,-35.28,3.54
J,-0.07,-0.02,0.85,8.30,-45.04,1.16
J,-0.04,0.17,0.82,2.14,-43.27,14.04
J,-0.01,0.21,0.92,2.93,-48.03,9.22
J,-0.02,0.15,0.88,5.31,-51.57,2.99
J,0.01,0.10,0.95,0.61,-56.52,1.71
J,0.05,0.13,0.98,-1.10,-55.48,0.12
J,0.07,0.08,1.04,1.34,-53.47,-3.23
J,0.08,0.02,0.98,2.69,-49.32,-1.83
J,0.09,0.13,0.93,5.86,-51.88,1.22
J,0.13,0.07,1.01,9.58,-50.35,-7.57
J,0.15,0.01,0.94,7.02,-47.24,-3.78
J,0.22,0.03,1.08,4.09,-54.08,-0.24
J,0.25,0.03,1.08,6.96,-47.91,-1.89
J,0.25,-0.05,1.02,7.93,-40.41,-2.32
J,0.31,-0.12,1.04,0.55,-44.86,11.11
J,0.36,-0.23,1.19,8.79,-45.53,15.26
J,0.33,-0.05,1.16,13.92,-22.34,34.30
J,0.31,0.03,1.14,8.36,-12.88,37.66
J,0.31,0.04,1.19,6.65,-8.00,37.48
J,0.29,0.22,1.28,11.29,7.45,40.41
J,0.27,0.32,1.22,10.62,22.71,28.75
J,0.31,0.27,1.19,9.03,26.98,19.84
J,0.25,0.29,1.01,4.52,27.65,17.82
J,0.25,0.33,1.09,3.36,24.05,16.42
J,0.23,0.28,0.80,4.39,28.75,9.83
J,0.22,0.21,0.65,7.02,12.27,-0.73
J,0.20,0.19,0.69,9.95,-8.61,-1.65
J,0.26,0.11,0.76,-3.78,-4.52,0.37
J,0.27,0.15,0.69,12.39,-5.07,-0.61
J,0.26,0.17,0.71,10.86,-8.36,-0.92
J,0.26,0.17,0.83,7.02,-25.45,-4.46
J,0.30,0.16,0.88,6.23,-14.53,-7.32
J,0.39,0.27,1.28,-6.59,-6.90,-9.09
J,0.43,0.33,1.86,-3.60,36.80,-17.40
J,0.36,0.26,1.87,9.89,90.15,-37.72
J,0.07,0.23,1.47,-1.83,158.51,-66.10
J,-0.05,0.09,1.13,-11.72,168.70,-76.23
J,-0.15,-0.14,0.87,-26.18,140.87,-54.93
J,-0.27,-0.19,0.63,-16.85,91.19,-9.09
J,-0.25,0.06,0.55,-19.17,67.93,13.00
J,-0.25,-0.13,0.55,-8.54,33.87,3.48
J,-0.24,-0.05,0.40,8.42,9.34,14.95
J,-0.20,0.02,0.53,24.66,-20.32,19.41
J,-0.10,0.15,0.74,37.48,-37.23,16.91
J,-0.03,0.49,0.87,21.00,-27.89,24.54
J,-0.04,0.89,0.59,12.94,-30.33,14.47
J,-0.05,0.87,1.00,3.72,-55.11,-50.11
J,-0.07,0.58,0.86,-22.58,-36.38,-77.27
J,0.05,0.12,0.82,-29.48,-41.93,-88.62
J,0.12,-0.50,1.05,-20.81,-43.27,-77.45
J,0.14,-0.68,1.09,-9.34,-22.95,-50.60
J,0.09,-0.55,1.14,-1.53,0.00,-8.18
J,-0.01,-0.18,0.89,2.62,10.01,21.91
J,-0.03,-0.03,1.04,13.67,-3.66,19.04
J,-0.08,0.01,0.97,12.45,3.30,17.52
J,-0.08,0.18,0.96,9.40,0.98,22.89
J,-0.08,0.22,0.83,12.57,-2.08,9.28
J,-0.07,0.17,0.80,20.02,-6.16,2.14
J,-0.08,0.23,0.71,19.41,-12.94,2.99
J,-0.06,0.13,0.76,6.47,-26.43,-6.23
J,-0.02,0.06,0.79,4.88,-31.68,-7.45
J,-0.04,0.11,0.75,8.61,-34.30,-0.85
J,-0.03,0.07,0.81,5.19,-45.41,-0.79
J,0.00,0.10,0.85,6.90,-49.44,2.08
J,0.05,0.15,0.96,7.02,-47.42,-0.79
J,0.04,0.08,0.91,-5.00,-48.03,-3.66
J,0.10,0.12,1.01,-4.09,-54.81,-3.85
J,0.14,0.07,0.99,2.56,-47.42,-6.41
J,0.12,0.11,1.03,4.46,-47.97,-1.53
J,0.15,0.09,0.96,2.81,-47.30,-7.39
J,0.22,-0.01,1.03,3.97,-51.03,-8.97
J,0.22,-0.01,1.04,6.41,-46.39,-2.56
J,0.22,0.04,1.02,3.97,-41.69,4.09
J,0.25,-0.00,0.99,8.30,-40.04,1.04
J,0.26,-0.05,1.02,8.06,-43.70,2.44
J,0.30,-0.01,1.12,5.00,-41.87,13.43
J,0.33,-0.07,1.12,3.97,-33.39,11.54
J,0.33,-0.19,1.16,13.31,-23.38,18.19
J,0.27,0.03,1.08,13.31,-16.30,38.15
J,0.29,0.04,1.17,2.44,-15.50,38.45
J,0.37,-0.04,1.28,9.16,4.76,32.96
J,0.34,-0.02,1.32,9.40,23.25,41.69
J,0.30,0.32,1.09,0.98,39.86,51.33
J,0.28,0.43,1.01,19.41,16.48,29.54
J,0.29,0.33,1.12,13.85,15.44,15.81
J,0.25,0.37,0.88,1.53,23.38,16.24
J,0.25,0.30,0.66,3.97,17.09,3.66
J,0.27,0.24,0.71,11.96,3.11,-3.23
J,0.25,0.15,0.66,-2.38,-1.71,-3.78
J,0.27,0.09,0.71,-9.70,-6.29,0.79
J,0.27,0.15,0.61,-0.61,-11.05,2.38
J,0.30,0.13,0.83,5.37,-22.52,-1.53
J,0.29,0.17,0.93,-3.97,-20.69,1.89
J,0.38,0.29,1.26,-5.31,-5.37,-9.46
J,0.42,0.30,1.83,-6.65,21.36,-29.66
J,0.36,0.27,1.93,-3.23,70.92,-43.58
J,0.14,0.13,1.51,-4.64,135.99,-68.12
J,-0.03,0.02,1.18,-9.70,157.04,-64.51
J,-0.18,0.00,0.91,-2.50,117.25,-48.95
J,-0.15,0.00,0.88,-7.32,93.99,-26.49
J,-0.17,-0.09,0.75,-11.41,78.61,-22.34
J,-0.16,-0.09,0.66,-8.00,64.09,-9.58
J,-0.18,-0.07,0.63,5.98,36.99,-2.81
J,-0.12,-0.10,0.64,21.67,22.16,-0.55
J,-0.05,-0.02,0.70,26.00,10.07,9.09
J,-0.02,-0.05,0.80,25.21,0.61,11.66
J,-0.06,0.07,0.69,20.63,2.14,25.09
J,-0.08,0.36,0.66,23.13,-25.39,24.78
J,-0.13,0.77,0.52,9.77,-34.73,20.81
J,-0.16,0.96,0.89,-2.20,-50.17,-34.55
J,-0.13,0.57,0.78,-18.62,-42.48,-74.89
J,-0.05,0.14,0.90,-24.84,-42.97,-88.99
J,0.03,-0.36,0.90,-24.23,-38.39,-70.62
J,0.09,-0.54,1.10,-24.84,-39.86,-43.03
J,0.10,-0.37,1.33,-16.48,-10.44,-7.51
J,-0.00,-0.34,0.97,0.49,24.90,1.89
J,-0.05,-0.16,0.91,7.39,12.82,12.15
J,-0.07,-0.01,0.92,5.43,2.56,12.33
J,-0.08,-0.03,0.85,11.60,1.53,12.21
J,-0.10,0.12,0.70,14.22,1.46,19.04
J,-0.10,0.29,0.72,14.16,-21.61,11.23
J,-0.09,0.16,0.74,8.42,-30.27,-1.16
J,-0.04,0.09,0.78,1.59,-37.60,-2.75
J,-0.05,0.05,0.76,5.68,-45.23,-1.40
J,-0.03,0.03,0.79,9.40,-52.43,2.01
J,0.04,0.09,0.85,6.29,-58.35,6.23
J,0.05,0.10,0.92,6.04,-58.35,3.30
J,0.07,0.02,0.89,1.71,-58.59,-2.32
J,0.13,0.09,0.99,5.74,-64.58,0.49
J,0.13,0.11,1.01,2.32,-61.16,0.12
J,0.14,0.02,1.02,-0.31,-67.38,-6.10
J,0.18,0.04,1.00,4.76,-59.81,-1.10
J,0.22,0.14,1.09,5.80,-62.99,-2.81
J,0.24,0.00,1.02,3.30,-50.96,-3.42
J,0.28,-0.00,1.05,4.46,-54.32,1.22
J,0.34,-0.02,1.21,7.20,-46.69,5.80
J,0.34,-0.05,1.16,5.13,-37.90,9.22
J,0.35,-0.07,1.18,6.29,-34.18,10.99
J,0.38,-0.14,1.21,12.51,-22.16,16.17
J,0.36,-0.09,1.16,10.99,-12.27,26.49
J,0.34,0.05,1.10,8.79,-0.73,30.94
J,0.37,-0.00,1.09,14.65,6.65,27.10
J,0.36,-0.09,1.14,13.92,12.94,31.74
J,0.34,0.08,1.08,10.62,26.55,51.88
J,0.32,0.26,0.94,3.11,30.27,50.17
J,0.30,0.25,0.91,7.02,25.70,37.23
J,0.27,0.21,0.82,10.31,20.69,33.57
J,0.28,0.34,0.89,6.41,13.24,34.30
J,0.26,0.33,0.72,4.03,9.58,21.73
J,0.24,0.28,0.67,17.94,3.36,3.36
J,0.23,0.29,0.70,12.70,-8.00,1.04
J,0.26,0.30,0.73,2.99,-12.27,-5.31
J,0.32,0.24,0.97,2.14,-21.42,-16.85
J,0.35,0.24,1.10,-1.34,-12.45,-20.08
J,0.50,0.33,1.55,-0.61,8.79,-33.87
J,0.61,0.51,2.03,-9.34,38.82,-40.16
J,0.35,0.06,1.58,-8.85,122.68,-82.34
J,0.02,-0.17,1.04,-2.14,149.84,-70.92
J,-0.12,-0.31,0.93,-6.41,122.62,-52.06
J,-0.18,-0.05,0.77,1.65,98.14,-5.31
J,-0.21,0.09,0.68,11.84,61.83,-4.70
J,-0.22,0.02,0.56,12.15,42.85,-4.52
J,-0.14,0.16,0.77,5.92,7.87,1.34
J,-0.10,0.10,0.76,-1.83,5.92,-7.39
J,-0.05,0.06,0.88,16.91,7.39,-15.26
J,-0.06,-0.08,0.65,13.98,5.31,-15.32
J,-0.02,-0.08,0.78,12.76,-10.31,-0.98
J,0.00,0.08,0.89,6.77,-8.42,9.16
J,-0.02,0.07,0.79,7.14,-14.40,1.95
J,-0.04,-0.03,0.88,3.66,-19.29,5.43
J,-0.07,0.01,0.81,11.84,-21.12,19.47
J,-0.02,0.21,0.96,14.95,-24.78,25.45
J,-0.03,0.17,0.90,6.53,-17.03,10.86
J,-0.04,0.12,0.91,5.74,-17.15,14.65
J,-0.04,0.26,0.98,3.91,-18.86,21.79
J,-0.04,0.45,0.93,9.09,-14.65,7.93
J,-0.05,0.42,0.95,-5.55,-13.55,-19.23
J,-0.08,0.37,0.89,-10.62,-11.35,-22.77
J,-0.06,0.42,0.97,-14.40,-11.29,-31.43
J,-0.06,0.39,0.89,-21.48,-7.81,-42.72
J,-0.03,0.16,1.01,-23.01,-16.17,-48.16
J,-0.02,0.13,0.99,-29.97,-11.41,-47.00
J,-0.01,0.10,1.01,-25.94,-7.57,-51.64
J,-0.00,-0.09,1.00,-20.39,-5.31,-53.41
J,0.01,-0.28,0.92,-22.09,-4.09,-46.75
J,-0.01,-0.28,0.99,-12.63,-5.19,-24.66
J,0.01,-0.19,1.06,-5.86,-4.64,-13.00
J,-0.00,-0.19,1.03,-1.95,2.38,-11.29
J,-0.01,-0.16,1.01,1.40,4.33,-3.36
J,-0.02,-0.07,0.98,6.96,7.32,5.25
J,-0.03,-0.04,0.91,7.87,5.98,6.84
J,-0.05,0.06,0.92,9.70,2.32,10.19
J,-0.05,0.08,0.82,11.60,5.43,8.24
J,-0.07,0.12,0.71,14.34,-5.49,7.39
J,-0.04,0.08,0.71,11.47,-19.90,0.79
J,-0.04,0.11,0.58,11.72,-28.56,3.30
J,-0.00,0.03,0.67,12.39,-43.70,-0.06
J,0.01,0.15,0.69,6.59,-55.42,8.00
J,0.05,0.15,0.72,5.07,-63.35,2.32
J,0.09,0.06,0.76,5.37,-71.11,-6.65
J,0.08,0.02,0.77,6.96,-76.05,-5.13
J,0.16,0.09,0.87,1.65,-84.11,-7.39
J,0.26,-0.02,0.95,6.77,-86.12,-15.32
J,0.26,-0.05,0.98,5.86,-82.52,-11.11
J,0.32,-0.04,1.02,-2.99,-80.75,-3.17
J,0.40,-0.04,1.25,-2.50,-85.39,2.26
J,0.44,-0.13,1.29,-4.64,-64.27,2.81
J,0.48,-0.23,1.26,-6.90,-47.61,18.49
J,0.51,-0.12,1.41,-3.30,-41.87,30.94
J,0.51,-0.03,1.35,7.75,-27.53,35.64
J,0.50,-0.13,1.28,10.99,-3.54,34.79
J,0.51,-0.16,1.29,8.73,7.81,44.86
J,0.49,-0.01,1.32,6.16,33.63,59.39
J,0.42,-0.02,1.14,5.31,58.35,61.83
J,0.36,0.10,0.86,4.94,61.04,65.92
J,0.31,0.34,0.74,13.37,32.35,63.11
J,0.31,0.24,0.88,9.22,16.91,48.22
J,0.30,0.47,0.62,-2.50,10.68,49.62
J,0.37,0.55,0.85,26.12,5.25,1.77
J,0.32,0.38,0.87,22.40,2.87,-19.35
J,0.36,0.42,1.15,6.23,10.93,-42.48
J,0.46,0.31,1.57,31.49,31.43,-65.92
J,0.39,0.12,1.52,74.28,109.56,-94.06
J,0.10,-0.13,1.13,39.73,119.63,-71.96
J,-0.02,-0.20,0.81,12.51,108.58,-41.44
J,-0.08,-0.06,0.98,7.32,79.16,1.95
J,-0.14,-0.05,0.62,0.06,70.50,13.61
J,-0.12,0.11,0.71,-14.65,45.35,13.31
J,-0.13,-0.07,0.67,-26.00,23.01,7.08
J,-0.11,-0.10,0.65,-7.45,10.13,12.70
J,-0.03,0.02,0.79,13.67,-3.85,17.03
J,-0.03,0.09,0.77,12.33,-11.29,14.16
J,0.00,0.02,0.81,15.26,-13.37,13.24
J,0.02,0.04,0.79,13.67,-18.92,26.55
J,0.04,0.38,0.98,7.26,-26.55,35.40
J,0.03,0.54,0.88,-1.65,-12.21,24.66
J,-0.02,0.80,0.80,7.93,-11.72,-9.03
J,-0.08,0.91,0.86,4.27,-21.79,-27.59
J,-0.05,0.71,0.90,-16.54,-42.97,-69.52
J,0.06,0.16,0.93,-36.13,-37.41,-94.73
J,0.16,-0.14,0.92,-34.06,-37.72,-91.00
J,0.18,-0.58,1.05,-21.55,-27.04,-74.16
J,0.14,-0.55,1.09,-6.47,-10.19,-29.24
J,0.11,-0.40,1.10,-5.31,-2.56,-8.54
J,0.08,-0.20,1.03,2.32,6.16,3.60
J,0.06,-0.11,1.05,9.95,7.63,5.86
J,0.01,-0.00,1.03,7.93,9.89,9.89
J,-0.01,0.06,1.00,7.51,12.70,10.13
J,0.00,0.12,0.98,8.54,14.34,9.09
J,0.00,0.16,0.99,8.00,15.38,5.62
J,-0.01,0.12,0.91,9.70,17.58,-0.85
J,-0.01,0.07,0.91,14.77,12.21,-1.77
J,-0.02,0.24,0.81,22.16,6.59,0.85
J,-0.01,0.25,0.84,22.52,-0.98,-5.74
J,-0.00,0.14,0.78,17.88,-2.14,-11.54
J,-0.01,0.09,0.72,18.19,-9.95,-10.93
J,-0.03,0.14,0.82,16.54,-19.96,-4.09
J,-0.01,0.09,0.79,4.33,-25.15,-6.96
J,0.01,0.07,0.76,3.17,-26.98,-5.80
J,-0.00,0.10,0.84,8.91,-40.41,-2.14
J,0.01,-0.02,0.85,0.79,-45.04,0.79
J,0.05,0.04,0.90,3.78,-50.11,5.74
J,0.06,0.10,0.78,11.60,-51.33,3.72
J,0.13,0.16,1.00,6.77,-67.50,2.20
J,0.17,0.09,0.96,-3.48,-62.56,-2.38
J,0.12,0.10,0.94,1.71,-58.59,-1.89
J,0.09,0.14,0.87,6.47,-58.96,-5.07
J,0.23,-0.08,1.07,5.49,-76.72,-12.63
J,0.33,-0.09,1.16,-5.43,-62.74,10.56
J,0.35,0.02,1.19,5.49,-54.50,15.32
J,0.38,-0.06,1.14,5.74,-39.86,17.88
J,0.39,-0.05,1.24,7.81,-41.26,27.28
J,0.37,0.07,1.19,2.99,-25.02,37.66
J,0.37,0.19,1.15,7.87,-16.60,37.23
J,0.40,0.11,1.16,3.36,-12.33,33.08
J,0.38,0.03,1.21,-2.56,0.85,37.29
J,0.41,0.19,1.32,5.68,21.67,48.95
J,0.46,0.44,1.33,12.82,49.07,43.95
J,0.39,0.37,0.99,5.74,69.76,16.97
J,0.31,0.30,0.89,-2.38,55.85,18.13
J,0.26,0.32,0.77,-1.40,39.55,16.60
J,0.25,0.37,0.78,1.89,25.15,3.17
J,0.23,0.17,0.61,-0.85,22.46,-6.77
J,0.22,0.16,0.47,0.73,2.99,-1.40
J,0.24,0.08,0.57,1.28,-18.74,-2.44
J,0.26,0.10,0.71,6.29,-23.50,-0.12
J,0.30,0.16,0.95,7.93,-20.63,1.53
J,0.38,0.36,1.26,2.26,-13.18,-3.54
J,0.47,0.42,1.90,-2.93,29.72,-41.44
J,0.36,0.22,1.76,-13.92,97.84,-79.59
J,0.11,-0.14,1.31,-27.47,138.79,-86.24
J,-0.14,-0.28,0.84,-4.58,118.10,-39.49
J,-0.21,-0.09,0.75,-3.60,72.63,-12.27
J,-0.19,-0.05,0.68,-14.16,57.86,1.71
J,-0.18,-0.16,0.56,10.50,19.65,10.07
J,-0.16,-0.08,0.63,13.67,0.06,23.01
J,-0.08,0.06,0.68,7.75,-17.64,31.31
J,-0.00,0.09,0.84,11.47,-18.01,14.28
J,0.04,0.03,0.90,26.31,-12.88,8.97
J,0.07,0.01,0.86,20.45,-9.09,14.65
J,0.05,0.20,0.89,6.65,-14.22,33.39
J,0.04,0.56,0.89,7.63,-13.00,33.81
J,0.02,0.81,0.81,15.38,-20.63,-9.28
J,-0.03,0.77,0.85,3.54,-26.31,-30.46
J,-0.05,0.68,0.88,-12.82,-36.19,-54.57
J,0.01,0.35,0.90,-31.43,-35.34,-77.09
J,0.07,0.11,0.97,-40.71,-36.01,-79.53
J,0.20,-0.41,1.13,-29.72,-28.87,-78.06
J,0.21,-0.61,1.17,-21.12,-3.66,-39.61
J,0.17,-0.53,1.11,-16.36,5.19,-14.40
J,0.06,-0.32,0.97,-6.77,10.56,5.98
J,0.04,-0.29,0.98,3.23,4.27,6.10
J,0.02,-0.12,1.04,8.18,5.19,16.48
J,-0.01,0.02,0.93,9.22,8.00,14.83
J,-0.00,0.07,0.97,12.45,2.81,11.84
J,0.01,0.13,0.92,11.11,6.65,3.60
J,-0.00,0.10,0.85,9.22,5.92,0.24
J,-0.01,0.14,0.76,9.22,-1.22,-0.98
J,0.00,0.07,0.75,14.34,-12.33,-4.76
J,0.01,0.09,0.66,12.57,-15.87,-2.14
J,0.04,0.06,0.67,7.51,-27.65,-2.26
J,0.04,0.11,0.65,8.06,-38.51,-3.17
J,0.05,0.10,0.75,10.74,-48.77,-7.26
J,0.08,0.14,0.85,-0.18,-57.56,-2.99
J,0.13,0.18,0.94,-2.01,-61.28,-7.32
J,0.17,0.06,0.96,3.91,-59.75,-21.06
J,0.19,-0.02,1.01,-2.69,-63.35,-16.60
J,0.23,-0.00,1.01,-2.38,-61.83,-13.98
J,0.28,-0.13,1.08,6.35,-62.50,-16.54
J,0.30,-0.18,1.13,4.76,-50.96,-2.38
J,0.32,-0.14,1.11,3.60,-47.00,10.68
J,0.34,-0.09,1.10,10.93,-51.27,17.70
J,0.36,-0.11,1.22,12.63,-51.09,20.26
J,0.36,-0.09,1.21,7.39,-33.26,34.24
J,0.38,0.06,1.18,18.19,-23.19,38.27
J,0.38,0.02,1.19,21.73,-17.58,33.94
J,0.38,-0.00,1.23,14.89,-3.48,42.66
J,0.44,0.14,1.38,14.53,23.62,59.08
J,0.46,0.28,1.44,21.97,49.01,56.82
J,0.37,0.51,1.01,10.68,82.76,34.12
J,0.26,0.34,0.94,5.00,65.06,14.34
J,0.24,0.32,0.89,4.64,51.51,7.32
J,0.22,0.19,0.79,-4.15,41.93,1.89
J,0.22,0.07,0.79,-4.46,34.73,2.14
J,0.23,0.11,0.67,-3.23,26.98,4.76
J,0.23,0.04,0.59,10.80,21.67,-0.79
J,0.18,0.02,0.48,13.67,8.91,3.30
J,0.14,0.11,0.63,11.11,-16.24,6.35
J,0.15,0.13,0.74,8.42,-22.52,3.97
J,0.18,0.05,0.91,4.21,-20.14,-6.29
J,0.19,0.14,1.02,1.28,-14.34,-0.92
J,0.27,0.20,1.21,8.18,-13.49,-6.77
J,0.35,0.30,1.71,11.54,-1.16,-18.74
J,0.25,0.12,1.57,19.10,60.79,-36.25
J,0.08,0.05,1.48,44.80,88.62,-41.32
J,0.02,-0.02,1.20,59.81,125.98,-39.86
J,-0.15,0.42,1.01,40.28,121.22,-19.29
J,-0.16,-0.02,0.89,33.14,80.69,-63.72
J,-0.18,0.08,0.63,0.31,56.82,-19.78
J,-0.22,0.07,0.60,0.06,37.54,-12.63
J,-0.20,0.08,0.56,-10.07,19.65,-12.15
J,-0.14,-0.00,0.66,-2.32,-7.14,-4.27
J,-0.10,0.05,0.76,0.43,-17.70,12.02
J,-0.02,0.18,0.78,15.08,-19.04,16.36
J,-0.01,0.11,0.91,25.88,-19.53,13.49
J,-0.03,0.48,0.71,14.28,-5.62,29.91
J,-0.11,1.14,0.64,-11.78,-30.76,7.20
J,-0.12,0.95,0.79,-15.87,-44.43,-56.27
J,-0.08,0.40,0.78,-29.91,-39.49,-88.32
J,0.03,0.03,0.92,-33.20,-43.52,-86.00
J,0.10,-0.27,1.13,-16.24,-39.12,-80.57
J,0.13,-0.53,1.18,3.05,-17.82,-53.65
J,0.09,-0.50,1.14,0.24,-8.42,-20.94
J,-0.00,-0.21,1.07,-0.12,9.52,10.38
J,-0.06,-0.00,1.00,3.11,9.28,14.40
J,-0.06,0.05,0.95,1.46,7.75,12.08
J,-0.07,0.06,0.92,5.07,1.10,17.40
J,-0.08,0.23,0.84,8.61,1.95,22.34
J,-0.06,0.25,0.79,12.08,-14.83,6.10
J,-0.04,0.13,0.70,10.93,-14.59,-1.04
J,-0.05,0.15,0.60,6.59,-26.00,3.78
J,-0.06,0.21,0.73,1.65,-51.39,7.69
J,0.01,0.17,0.81,7.02,-56.82,-0.79
J,0.04,0.16,0.85,11.41,-58.59,-2.99
J,0.05,0.26,0.91,3.72,-61.71,2.75
J,0.09,0.28,0.92,2.75,-62.07,-8.61
J,0.15,0.11,0.86,11.84,-58.84,-28.08
J,0.19,-0.06,0.98,3.91,-70.50,-20.69
J,0.24,-0.04,1.01,-1.65,-67.50,-9.52
J,0.30,0.04,1.05,17.33,-58.41,-9.95
J,0.30,-0.13,1.09,20.14,-53.53,-14.28
J,0.30,-0.08,1.05,7.93,-47.55,8.24
J,0.33,0.10,1.23,8.67,-47.73,24.11
J,0.33,0.06,1.18,11.96,-34.97,20.51
J,0.33,-0.05,1.33,15.62,-20.57,28.20
J,0.36,0.09,1.36,8.18,-1.04,47.36
J,0.34,0.19,1.30,15.08,12.15,51.15
J,0.30,0.44,1.34,15.32,30.94,54.87
J,0.31,0.54,1.27,5.43,54.50,38.70
J,0.28,0.51,1.17,6.04,67.26,26.67
J,0.21,0.37,0.88,13.85,76.05,10.99
J,0.20,0.31,0.69,17.64,62.74,14.16
J,0.18,0.31,0.72,13.24,25.45,7.87
J,0.17,0.27,0.56,4.33,18.86,-1.71
J,0.17,0.17,0.59,8.67,5.86,-5.62
J,0.15,0.26,0.54,9.64,-5.80,3.17
J,0.20,0.26,0.68,-0.73,-21.67,-0.85
J,0.21,0.21,0.71,-3.42,-22.71,-5.37
J,0.23,0.17,0.83,1.16,-16.97,-9.58
J,0.27,0.13,1.00,-4.64,-20.39,-7.63
J,0.34,0.36,1.39,-11.11,-9.83,-0.55
J,0.31,0.52,1.80,-10.62,27.34,-25.88
J,0.15,0.42,1.61,-10.68,72.57,-47.18
J,-0.09,0.24,1.17,-16.91,97.72,-59.02
J,-0.15,-0.01,1.04,-30.58,66.41,-58.53
J,-0.16,-0.08,0.97,-26.49,61.40,-36.19
J,-0.16,0.08,0.79,-16.24,48.03,-17.52
J,-0.13,-0.16,0.78,-9.22,34.79,-22.58
J,-0.10,-0.17,0.63,-4.33,31.92,5.55
J,-0.09,-0.01,0.70,13.98,8.24,22.46
J,-0.05,0.00,0.72,23.86,4.52,20.39
J,-0.01,-0.03,0.77,21.67,-1.83,11.41
J,0.02,-0.06,0.74,15.14,-2.56,35.22
J,0.00,0.19,0.76,18.37,-7.32,56.82
J,-0.05,1.22,0.76,9.52,-10.56,55.97
J,-0.06,1.30,0.67,-0.18,-24.72,-10.50
J,-0.10,0.69,0.83,-19.47,-39.67,-81.67
J,0.02,0.13,0.91,-29.48,-45.65,-89.42
J,0.11,-0.08,1.02,-37.72,-49.13,-77.21
J,0.17,-0.42,1.17,-26.55,-36.93,-63.05
J,0.17,-0.59,1.28,-14.22,-19.84,-47.30
J,0.10,-0.37,1.14,-7.08,2.69,-4.27
J,0.05,-0.22,1.09,2.08,14.22,15.75
J,-0.02,-0.09,0.96,6.10,19.65,23.38
J,-0.04,0.08,0.94,7.14,11.78,24.90
J,-0.03,0.11,0.92,11.72,14.65,22.22
J,-0.05,0.19,0.82,13.61,16.11,23.07
J,-0.05,0.25,0.75,16.24,-0.98,14.10
J,-0.04,0.24,0.78,15.20,-9.70,7.08
J,-0.01,0.19,0.72,18.01,-15.56,1.46
J,-0.03,0.23,0.74,12.15,-27.89,3.05
J,-0.05,0.17,0.69,3.91,-37.23,-3.60
J,0.01,0.15,0.87,7.02,-51.51,-7.08
J,0.05,0.08,0.81,8.79,-47.30,-10.31
J,0.02,0.07,0.77,2.81,-54.38,-3.36
J,0.10,0.09,0.91,-0.37,-65.12,-5.43
J,0.13,0.12,0.94,-2.69,-61.83,-8.12
J,0.15,0.03,0.91,4.21,-61.34,-18.68
J,0.15,0.01,0.97,4.58,-73.49,-6.90
J,0.22,0.10,1.11,8.30,-71.41,-2.01
J,0.25,0.12,1.10,2.38,-55.97,-6.77
J,0.29,0.04,1.18,3.48,-57.13,-7.63
J,0.33,-0.04,1.19,2.93,-46.57,-4.03
J,0.40,-0.09,1.36,-8.18,-38.76,11.60
J,0.40,-0.06,1.20,-8.24,-18.19,20.69
J,0.34,-0.10,1.17,2.26,-16.24,16.54
J,0.34,0.04,1.14,3.72,-3.60,39.18
J,0.34,0.02,1.13,-5.00,1.77,44.25
J,0.38,-0.05,1.33,-5.13,15.99,55.85
J,0.37,0.25,1.24,-16.42,49.56,76.17
J,0.34,0.57,0.89,6.65,68.36,47.00
J,0.23,0.40,0.67,30.15,19.90,6.10
J,0.24,0.26,0.77,23.25,3.85,-0.49
J,0.24,0.35,0.74,18.92,-0.37,7.81
J,0.26,0.30,0.73,10.50,-5.07,-11.78
J,0.28,0.18,0.79,6.90,-10.62,-18.62
J,0.26,0.06,0.83,2.62,-6.47,-17.09
J,0.25,0.07,0.92,-5.13,-9.09,-6.65
J,0.23,0.18,0.83,-4.33,-3.42,-2.62
J,0.23,0.11,0.98,-0.37,-13.98,-18.07
J,0.22,0.07,1.04,-1.89,-5.68,-17.33
J,0.25,0.12,1.03,3.36,8.85,-13.49
J,0.29,0.14,1.03,13.06,17.82,-17.52
J,0.33,0.14,1.12,28.14,20.20,-21.73
J,0.30,0.38,1.08,7.51,37.48,-19.78
J,0.29,0.34,0.99,-0.55,24.78,-39.31
J,0.32,0.32,1.34,-5.25,-12.57,-45.10
J,0.24,0.25,0.98,-28.87,20.75,-67.99
J,0.10,-0.34,1.12,-15.87,9.70,-74.22
J,0.03,-0.29,0.95,-19.65,41.38,-11.11
J,0.01,-0.36,1.63,6.35,51.33,1.59
J,-0.06,-0.58,1.64,22.09,86.67,-4.94
J,-0.19,-0.15,1.35,48.40,130.43,49.13
J,-0.34,0.46,0.82,61.52,143.31,49.74
J,-0.40,0.85,1.06,50.90,97.47,12.76
J,-0.09,0.49,0.65,12.76,127.32,-48.58
J,-0.06,0.11,0.05,-12.94,118.29,-48.77
J,-0.07,0.02,0.51,-2.20,5.74,-17.58
J,-0.01,-0.00,0.46,-1.16,5.49,18.13
J,0.04,0.00,0.46,8.97,-5.13,28.02
J,0.00,0.07,0.61,28.44,-10.93,49.13
J,-0.01,0.51,0.49,34.85,-8.79,75.13
J,-0.16,1.49,0.44,19.84,-36.74,56.03
J,-0.16,1.41,0.55,-7.75,-78.37,-83.86
J,0.02,0.72,0.99,-1.04,-102.36,-147.52
J,0.07,-0.12,1.08,-17.64,-63.60,-142.88
J,0.09,-0.69,1.21,-39.43,-61.77,-93.14
J,0.06,-0.74,1.32,-15.14,-33.63,-57.56
J,-0.00,-0.51,1.10,10.86,-8.42,-5.13
J,0.02,-0.17,1.22,2.81,-8.36,20.69
J,-0.00,-0.02,1.14,22.28,10.44,15.75
J,-0.06,0.22,1.06,25.70,27.47,26.18
J,-0.06,0.28,0.81,24.11,41.14,21.48
J,-0.09,0.45,0.67,21.36,6.29,13.12
J,-0.12,0.51,0.58,8.91,4.88,-6.71
J,-0.10,0.37,0.53,4.33,-8.97,-25.15
J,-0.08,0.16,0.45,-7.45,-39.55,-25.63
J,-0.08,0.17,0.43,-14.53,-65.43,-20.08
J,-0.07,-0.09,0.85,-9.28,-100.89,-25.39
J,0.06,-0.10,0.85,-6.90,-111.57,-11.29
J,0.09,-0.18,1.05,-2.08,-116.15,-0.31
J,0.10,0.08,1.10,8.42,-92.47,23.68
J,0.18,0.03,1.39,3.78,-95.76,11.29
J,0.25,0.07,1.34,-12.21,-68.79,25.21
J,0.19,-0.01,1.35,-8.91,-50.96,30.46
J,0.17,0.01,1.37,-5.13,-35.22,35.71
J,0.22,0.15,1.39,-8.97,-22.52,52.25
J,0.22,0.26,1.36,-10.38,-1.95,42.91
J,0.23,0.22,1.41,-0.43,13.18,27.10
J,0.18,0.19,1.15,4.94,39.67,33.81
J,0.16,0.34,1.37,4.33,50.29,36.19
J,0.22,0.36,1.10,3.91,77.33,25.70
J,0.16,0.41,0.78,6.29,62.62,13.18
J,0.10,0.31,0.84,6.96,41.87,1.46
J,0.09,0.30,0.65,8.12,39.61,-0.37
J,0.11,0.14,0.69,11.29,13.85,-9.09
J,0.09,0.16,0.65,5.55,13.67,-0.67
J,0.09,0.14,0.68,14.28,-0.85,0.85
J,0.08,0.17,0.77,10.86,-4.82,0.92
J,0.06,0.19,0.88,3.42,-11.66,-4.03
J,0.05,0.12,0.89,-2.75,-13.49,-4.33
J,0.07,0.14,0.99,-2.38,-17.46,-1.34
